dataset,model_name,k,train_accuracy_mean,train_accuracy_std,train_macro_f1_mean,train_macro_f1_std,train_weighted_f1_mean,train_weighted_f1_std,train_macro_precision_mean,train_macro_precision_std,train_macro_recall_mean,train_macro_recall_std,validation_accuracy_mean,validation_accuracy_std,validation_macro_f1_mean,validation_macro_f1_std,validation_weighted_f1_mean,validation_weighted_f1_std,validation_macro_precision_mean,validation_macro_precision_std,validation_macro_recall_mean,validation_macro_recall_std,cv_accuracy_mean,cv_accuracy_std,cv_macro_f1_mean,cv_macro_f1_std,cv_weighted_f1_mean,cv_weighted_f1_std,final_train_accuracy,final_train_macro_f1,final_train_weighted_f1,final_train_macro_precision,final_train_macro_recall,test_accuracy,test_macro_f1,test_weighted_f1,test_macro_precision,test_macro_recall,train_test_accuracy_gap,train_test_macro_f1_gap,train_test_weighted_f1_gap
hqrtm_q60,B1_structural,2,0.6520163605051665,0.002587718559164321,0.5134606665753843,0.03336162393311309,0.676814501170169,0.0015479240953381677,0.47542477540600936,0.025286674271180132,0.623251141920949,0.05401829759379304,0.5401729334098737,0.006839695328928378,0.34119073223880436,0.009462139184499785,0.5723029974213749,0.008000549694565899,0.3332828647884351,0.008570332808063526,0.38190896784805256,0.0029742299809920165,0.5401729334098737,0.006839695328928378,0.34119073223880436,0.009462139184499785,0.5723029974213749,0.008000549694565899,0.6265388257575758,0.48350479794310836,0.6547830509142938,0.4507978365145879,0.5888473533393602,0.546680866169684,0.3577693735853605,0.5824077118753307,0.3481950945614072,0.40862775731657125,0.07985795958789177,0.12573542435774787,0.0723753390389631
hqrtm_q60,B1_structural,3,0.6079831321226292,0.013536838081593106,0.46481627108890544,0.011108675548854448,0.6397302367698151,0.010760592741700945,0.4358682508394593,0.008195488242824086,0.5763433565026326,0.0026158828388815744,0.5485271302984643,0.03689228773450882,0.3415566407180981,0.02719796306121314,0.5763509940268341,0.028306569977138128,0.33328188721112273,0.02257011136920014,0.3846123914833724,0.03063840668783977,0.5485271302984643,0.03689228773450882,0.3415566407180981,0.02719796306121314,0.5763509940268341,0.028306569977138128,0.6393229166666666,0.49624777657265395,0.6658497150764031,0.4611000043299069,0.6023572312085063,0.5498757543485978,0.3597035350023051,0.5844986673221001,0.34905539499104304,0.4112573657299123,0.08944716231806882,0.13654424157034883,0.08135104775430302
hqrtm_q60,B1_structural,4,0.602581909310171,0.02445769747824607,0.4571519170322355,0.03752752074711144,0.6352788843565946,0.01913335410497988,0.4305701881496668,0.03139681655778864,0.5658743172566859,0.03657897946593015,0.5421693458312729,0.06422294305399329,0.3394925711091772,0.017735503869303754,0.5695103616316477,0.04142643917855479,0.33795077210423013,0.010093923146186625,0.3829074071345131,0.02060143270894218,0.5421693458312729,0.06422294305399329,0.3394925711091772,0.017735503869303754,0.5695103616316477,0.04142643917855479,0.623342803030303,0.4865393403113575,0.6515755984732264,0.452371348564784,0.5985131753202587,0.5473908413205538,0.36109265732141443,0.5835090592702916,0.35060087180649335,0.41769568492291553,0.07595196170974916,0.12544668298994305,0.06806653920293482
hqrtm_q60,B2_structural_socioeconomic,2,0.6310078214695752,0.13529962595960018,0.5229661523654201,0.07315966292310183,0.6618153476320563,0.11795793653830305,0.5056988578809477,0.051908191410787646,0.6406925712888486,0.012715329732666618,0.5702802095292767,0.008034612428307226,0.37885172520360877,0.01358579962812295,0.5972364526057637,0.005487972147291377,0.37746478449876164,0.031448001719870056,0.43894689749347804,0.002570281589635236,0.5702802095292767,0.008034612428307226,0.37885172520360877,0.01358579962812295,0.5972364526057637,0.005487972147291377,0.6773200757575758,0.537886509938698,0.6994012717716209,0.5074562120808418,0.6105447058571414,0.6499822506212283,0.48884478901382056,0.6738451589910026,0.4669594440228672,0.5479018497880295,0.027337825136347527,0.04904172092487746,0.025556112780618312
hqrtm_q60,B2_structural_socioeconomic,3,0.6100895791393722,0.07169065640337448,0.4887484310518488,0.06238041716781257,0.6525912042681141,0.05047251964320084,0.49808753972780445,0.04551504623831168,0.5937527196712554,0.03024788766946433,0.5842582825737849,0.023508320069667375,0.3946118086749422,0.06155065569401672,0.6159575574513063,0.03427490752087214,0.4359352803941457,0.08082020100327218,0.4281649190628751,0.06754246141272141,0.5842582825737849,0.023508320069667375,0.3946118086749422,0.06155065569401672,0.6159575574513063,0.03427490752087214,0.803030303030303,0.6656649164570922,0.7949658304360178,0.6823118637793414,0.6531522791479668,0.7532836350727724,0.5459885519020267,0.7448772546957881,0.5564565196109473,0.5379406683895485,0.04974666795753058,0.11967636455506558,0.050088575740229624
hqrtm_q60,B2_structural_socioeconomic,4,0.6535080342969578,0.09643536541067821,0.512772700387313,0.08360529495173959,0.6794665921377594,0.07506404697066588,0.5110878452312876,0.061535716224642385,0.5894717209984524,0.05208462865117993,0.6428728273247084,0.0700863418878126,0.41224363541485454,0.05315404132952833,0.6464180739823748,0.03797067964583727,0.4295820765437398,0.07351754421839118,0.4485737134809733,0.06629043288251393,0.6428728273247084,0.0700863418878126,0.41224363541485454,0.05315404132952833,0.6464180739823748,0.03797067964583727,0.7675189393939394,0.6083695816483031,0.7654089865681988,0.6008230574541489,0.6173393220377194,0.7326943556975506,0.5368924541948386,0.7307747264702175,0.5341943003216498,0.5403583984539538,0.034824583696388856,0.07147712745346457,0.03463426009798132
hqrtm_q60,B3_structural_context,2,0.5689437428243398,0.017271752892932014,0.44219182661988854,0.016251409440446788,0.6093717050514723,0.018419017125001554,0.42503878885592317,0.015578440262190659,0.5904792262819794,0.06335318210209696,0.5558427812858783,0.008394863443406557,0.35000123396152455,0.048398120595899465,0.5886837455402918,0.01378835998831428,0.36991453557770937,0.009928446175172535,0.39922860453187375,0.04367298344256901,0.5558427812858783,0.008394863443406557,0.35000123396152455,0.048398120595899465,0.5886837455402918,0.01378835998831428,0.6312736742424242,0.4822264676456064,0.6609939238991737,0.4507248301494971,0.5916126140038482,0.6095136670216542,0.4440571322288986,0.6417852564502649,0.4192317615932579,0.5515845856428785,0.021760007220769984,0.038169335416707806,0.01920866744890881
hqrtm_q60,B3_structural_context,3,0.5272801571045943,0.04120797110725458,0.4168690451003383,0.01724813423244169,0.5715509940121698,0.043746396081459096,0.4125544383665795,0.008882061027844545,0.573352746161829,0.00804527442536641,0.566090291694309,0.07939574474637094,0.37298990055276643,0.021223413120484525,0.5862304958270045,0.040536870025071,0.382030984246514,0.017709941752960593,0.4171933897191069,0.07308368287673998,0.566090291694309,0.07939574474637094,0.37298990055276643,0.021223413120484525,0.5862304958270045,0.040536870025071,0.7223011363636364,0.5773719245232032,0.7373197351299248,0.5381440009160108,0.6481076725194862,0.6396876109336174,0.4284027240596759,0.6599891039972848,0.4094108884207739,0.4708807566710955,0.08261352543001899,0.1489692004635273,0.07733063113263994
hqrtm_q60,B3_structural_context,4,0.562819519675219,0.06714950100264712,0.44097405057180294,0.059921612378846405,0.6053794007068513,0.05376006917901328,0.4294878491449521,0.039738780058775416,0.5770040497287107,0.046456384868790196,0.5313528565989081,0.07509158228973546,0.34962390086130646,0.051313465416064116,0.5712183937507951,0.051066342690435786,0.3516248124936472,0.03529157913199074,0.40977660943607885,0.04054311804444536,0.5313528565989081,0.07509158228973546,0.34962390086130646,0.051313465416064116,0.5712183937507951,0.051066342690435786,0.6369554924242424,0.48890786809573894,0.6655403589992915,0.4558157609959339,0.5984664680330624,0.6070287539936102,0.4367955631297926,0.6393017714617085,0.4133218443540183,0.5356789899980948,0.029926738430632205,0.05211230496594632,0.026238587537583014
hqrtm_q60,B4_structural_context_socioeconomic,2,0.5742052956371986,0.08964415224320699,0.5096903343818726,0.009223003536686458,0.6136023367491139,0.08979407917277449,0.5412437128079728,0.038639468367201356,0.6598744017509173,0.06882990415470742,0.5512162743972445,0.12512380327253342,0.3943168690131591,0.017863210648361383,0.5897555494593005,0.10463952448132673,0.4637377197654148,0.09347956015999861,0.4398915878897597,0.01660247421490552,0.5512162743972445,0.12512380327253342,0.3943168690131591,0.017863210648361383,0.5897555494593005,0.10463952448132673,0.7547348484848485,0.6453609218247123,0.7715806283621255,0.6156549985795738,0.7013892144238034,0.7223997160099397,0.5839366870689924,0.7400424011900055,0.5633802364263056,0.6207437306753666,0.03233513247490882,0.0614242347557199,0.03153822717211996
hqrtm_q60,B4_structural_context_socioeconomic,3,0.6431637454526237,0.08136013612705921,0.5486768126499156,0.07273886204230177,0.6758922563638349,0.07077169727388716,0.5285664990040603,0.06781573430992488,0.6649629563909881,0.02692426754618395,0.6471588603194056,0.0668593107083918,0.3991546541172342,0.07481626727020313,0.6455238024344175,0.046945667661112855,0.42553890270911676,0.0828480677468197,0.42682169571007017,0.07547383988362344,0.6471588603194056,0.0668593107083918,0.3991546541172342,0.07481626727020313,0.6455238024344175,0.046945667661112855,0.7383996212121212,0.6252643889286719,0.7586441772745469,0.5956608422432461,0.6904297036874723,0.7085552005679802,0.5727975243391726,0.7296552759059414,0.5518304500580775,0.6166846549089993,0.029844420644141056,0.05246686458949923,0.028988901368605546
hqrtm_q60,B4_structural_context_socioeconomic,4,0.6369300497410526,0.09396439318594345,0.5427566025817432,0.08777022174535068,0.6746085273336369,0.07881313004210642,0.5339569080308715,0.06611786471477557,0.6646038697554378,0.043716316280608764,0.665814902780095,0.07397292755921842,0.43552105785191925,0.10074420749642471,0.6719943534182464,0.06589772339740863,0.4671793699723858,0.10962532482899832,0.46872597437792474,0.06889481515954976,0.665814902780095,0.07397292755921842,0.43552105785191925,0.10074420749642471,0.6719943534182464,0.06589772339740863,0.7547348484848485,0.6453609218247123,0.7715806283621255,0.6156549985795738,0.7013892144238034,0.7223997160099397,0.5839366870689924,0.7400424011900055,0.5633802364263056,0.6207437306753666,0.03233513247490882,0.0614242347557199,0.03153822717211996
hqrtm_q65,B1_structural,2,0.5654226965001196,0.020909691704481786,0.42195559933267957,0.0034503736224008198,0.6063526122465257,0.019596960872739558,0.4031911177214535,0.006493814615938828,0.546466439465989,0.03367044145123722,0.5464942739653901,0.04494111526861407,0.34213639616517055,0.0008386086401988422,0.5842922036741809,0.03955630640214107,0.33613031282593564,0.002872908184614506,0.3947290837561723,0.020346439384777912,0.5464942739653901,0.04494111526861407,0.34213639616517055,0.0008386086401988422,0.5842922036741809,0.03955630640214107,0.5477035984848485,0.3992338804246707,0.591272040742073,0.3844631546350884,0.5150888834129752,0.5236066737664182,0.3539049801603755,0.5698044360602008,0.3480570979375889,0.4395061363837075,0.02409692471843028,0.04532890026429515,0.021467604681872143
hqrtm_q65,B1_structural,3,0.5781378101073237,0.059845741397979615,0.42786548329636953,0.06214904039168245,0.6196405122953778,0.04619457736679761,0.4108779550962381,0.04498946336735356,0.5412488604304426,0.05884713895770369,0.5429949362565679,0.022313029329184556,0.33795953436944287,0.028399904413822123,0.5825297011380952,0.019255425791110465,0.3383511381234934,0.03411533218081229,0.3801720489339695,0.03977864149704153,0.5429949362565679,0.022313029329184556,0.33795953436944287,0.028399904413822123,0.5825297011380952,0.019255425791110465,0.6505681818181818,0.49538579909493513,0.6771951934312922,0.4594219867307175,0.5963747325044501,0.5669151579694711,0.363307076479376,0.6018721402288864,0.3519708321666003,0.4179872608445506,0.08365302384871065,0.13207872261555914,0.07532305320240584
hqrtm_q65,B1_structural,4,0.5386324829309425,0.009402245050826322,0.387463197058723,0.013228068427855816,0.5856007610593047,0.008657440305272143,0.3795067425675611,0.008651409162896778,0.506303092531244,0.02934444834175109,0.5320824137049031,0.04257065124790485,0.33971483789957985,0.04053188893816265,0.574743961825909,0.026484916660190073,0.33714910283754407,0.027158288582981756,0.39595297186209577,0.02608390737428014,0.5320824137049031,0.04257065124790485,0.33971483789957985,0.04053188893816265,0.574743961825909,0.026484916660190073,0.5623816287878788,0.41626291645714136,0.6023292391041004,0.3961601593539882,0.532783463388587,0.531416400425985,0.35227477087822373,0.5761367548641588,0.3471450596584096,0.41944064892785476,0.03096522836189375,0.06398814557891763,0.026192484239941582
hqrtm_q65,B2_structural_socioeconomic,2,0.6854058241343239,0.10341166487618669,0.5452643753293018,0.04771744980419928,0.7120538701093755,0.07736213091632704,0.5352406277401569,0.02889860154959886,0.636418733355606,0.023576723975239716,0.6166068321025777,0.016275248352707654,0.39830650364131265,0.001885821170543643,0.6367078595884139,0.018819161632669494,0.39424874220008177,0.02012109129721175,0.45177863848202754,0.009047084072722655,0.6166068321025777,0.016275248352707654,0.39830650364131265,0.001885821170543643,0.6367078595884139,0.018819161632669494,0.7044270833333334,0.536449163018535,0.7220923711616123,0.5076296564737748,0.5975463822782474,0.6805111821086262,0.4901108834420254,0.6988032743498127,0.47052650552260855,0.5357255237757541,0.023915901224707214,0.046338279576509545,0.02328909681179958
hqrtm_q65,B2_structural_socioeconomic,3,0.6676336992801888,0.10660105835589613,0.5263826898620353,0.07855058171796338,0.6984141233611859,0.07950057902426051,0.5275583611654464,0.030797182968301494,0.6076130051254099,0.026793866947552463,0.6072953165443686,0.0811208893352034,0.4005892636037675,0.06114023851061346,0.6334286888116404,0.04662904589475493,0.43354634549995846,0.081420695486369,0.43551317174436477,0.062357251287142465,0.6072953165443686,0.0811208893352034,0.4005892636037675,0.06114023851061346,0.6334286888116404,0.04662904589475493,0.7799479166666666,0.6048098266822636,0.7762237249664643,0.6006460094350798,0.6104128515052069,0.7458288959886404,0.5102294506641419,0.7418085466439,0.512425349912827,0.5095285303447226,0.03411902067802619,0.09458037601812164,0.034415178322564355
hqrtm_q65,B2_structural_socioeconomic,4,0.6821060292376494,0.10989903879806892,0.5432733331365591,0.08693888440216022,0.7102213394803137,0.08217693801216244,0.5424458061477156,0.05146134467479494,0.6171006290047854,0.028929572605642457,0.6474784107678943,0.04619251598914433,0.4014999490653054,0.05831313640071461,0.6614761629014809,0.0299742480164539,0.4267683841995166,0.08061954294782389,0.4216840866104854,0.057400537339072695,0.6474784107678943,0.04619251598914433,0.4014999490653054,0.05831313640071461,0.6614761629014809,0.0299742480164539,0.8135653409090909,0.6573421690756995,0.805411693280689,0.6727385232063754,0.6463319928938696,0.762158324458644,0.529128517656607,0.7532939067526508,0.5390202024863047,0.521589033012227,0.051407016450446985,0.12821365141909258,0.05211778652803811
hqrtm_q65,B3_structural_context,2,0.5062778770425642,0.04634653494647684,0.3905658012844639,0.06136013063706606,0.561954152247681,0.033049065373781945,0.3943840502580568,0.04220160430232894,0.5541081084759549,0.1177686385456894,0.6519252804841567,0.05078138221806266,0.36654048853472465,0.016482358755174505,0.6538652744600921,0.029593668123213016,0.37272802471028954,0.03201696762827427,0.3799826726076735,0.018243119439986705,0.6519252804841567,0.05078138221806266,0.36654048853472465,0.016482358755174505,0.6538652744600921,0.029593668123213016,0.6522253787878788,0.49977664582205084,0.67790214150668,0.46293708177588677,0.5958323172716047,0.6134185303514377,0.42103031112264716,0.6433276635156387,0.3995372381657365,0.48947315068242336,0.03880684843644111,0.07874633469940368,0.0345744779910413
hqrtm_q65,B3_structural_context,3,0.5176790930366834,0.046948153783143216,0.4069352746544734,0.023315617092206285,0.5678733033688986,0.04870462301856909,0.4105067411423022,0.01374101696128384,0.5775880707168227,0.006693571594265402,0.6380734328700611,0.08992508511188126,0.35848388046638563,0.04642490655813518,0.633407935538251,0.04391564624733481,0.3460996889659225,0.05824348146927466,0.3976160001074316,0.04614366604686403,0.6380734328700611,0.08992508511188126,0.35848388046638563,0.04642490655813518,0.633407935538251,0.04391564624733481,0.6274857954545454,0.47601461794199784,0.6598411428957063,0.44340510359587193,0.5985984226550977,0.5992190273340433,0.4238983562930577,0.6352713728708843,0.4025732064288332,0.5298400873417328,0.028266768120502106,0.05211626164894012,0.02456977002482197
hqrtm_q65,B3_structural_context,4,0.5826959744071565,0.03660927009102694,0.44420472498876484,0.03807626378436066,0.6277518354990738,0.025805988087014953,0.429618833650883,0.025842574937829748,0.5855743796185946,0.03303291597811662,0.5810105266406766,0.040194994396613316,0.3502801161595981,0.036162653874171995,0.6106695469098039,0.034961027288844974,0.35070511501781065,0.03742170371000943,0.38594092719844464,0.03156433747950318,0.5810105266406766,0.040194994396613316,0.3502801161595981,0.036162653874171995,0.6106695469098039,0.034961027288844974,0.6822916666666666,0.5314513835870245,0.7056424949344556,0.49007428377890483,0.6343680016276777,0.6265530706425275,0.43171336037954755,0.6544516893328373,0.40835921592119384,0.5040924799142258,0.05573859602413911,0.09973802320747693,0.05119080560161837
hqrtm_q65,B4_structural_context_socioeconomic,2,0.701389769312873,0.01818873798915905,0.5961754952823283,0.0009889243643861352,0.734104014251115,0.015319855317797733,0.5744105311829801,0.0005623898110247284,0.7054327406524017,0.039607782385800504,0.6559668260915521,0.08242648033565418,0.4074598841326319,0.0008952850672566397,0.6615338092959786,0.055798421581155874,0.41580056557012357,0.041231102952767475,0.4326910530884792,0.0437978214559538,0.6559668260915521,0.08242648033565418,0.4074598841326319,0.0008952850672566397,0.6615338092959786,0.055798421581155874,0.7897727272727273,0.6842582352321747,0.8041429598131689,0.652191656841523,0.7368625207085964,0.7199148029818956,0.5482141283472697,0.7391864465934979,0.5318666147370424,0.5808723717498606,0.06985792429083171,0.13604410688490498,0.064956513219671
hqrtm_q65,B4_structural_context_socioeconomic,3,0.6598476436708097,0.06756932177383021,0.5545463608736618,0.05665145082806277,0.696600480473163,0.05568937875605881,0.5382372865206225,0.03336149947484396,0.6702204063490106,0.018232530021356864,0.6739829091847621,0.052966033719485925,0.40361288722164107,0.06736004502443678,0.6690653740080202,0.036773848228839466,0.41232945554794614,0.0633781860833242,0.42058868420666107,0.06454749710150043,0.6739829091847621,0.052966033719485925,0.40361288722164107,0.06736004502443678,0.6690653740080202,0.036773848228839466,0.7575757575757576,0.6240915089919035,0.775347300774742,0.5963148817552772,0.6832286881237547,0.7305644302449414,0.5752361644204409,0.7477673703088727,0.5544766388528846,0.6207430666456502,0.027011327330816126,0.04885534457146257,0.027579930465869262
hqrtm_q65,B4_structural_context_socioeconomic,4,0.6750824276874947,0.06719055271442281,0.5627228681880172,0.07963777504398355,0.7102982259801883,0.055517256472086475,0.5405144386215321,0.07153802022933721,0.6797138814660864,0.048570713993889555,0.6569110620897258,0.022732122294394863,0.40379731411798375,0.08467746406908272,0.6687180696204148,0.024268741678814335,0.42366990149096884,0.07198816678339133,0.4232523312467737,0.09917271838640161,0.6569110620897258,0.022732122294394863,0.40379731411798375,0.08467746406908272,0.6687180696204148,0.024268741678814335,0.7897727272727273,0.6842582352321747,0.8041429598131689,0.652191656841523,0.7368625207085964,0.7199148029818956,0.5482141283472697,0.7391864465934979,0.5318666147370424,0.5808723717498606,0.06985792429083171,0.13604410688490498,0.064956513219671
hqrtm_q70,B1_structural,2,0.6393270549572345,0.05159789211718932,0.4712605737637089,0.0351443778274415,0.6717162260145955,0.04592996206078257,0.43883493875161506,0.02603768286298633,0.5847305626650917,0.022237443133561244,0.5546418020772629,0.09852297043601463,0.3347191708560533,0.005977412970608254,0.5898925934908081,0.0818173346802075,0.33213697887241,0.0012152066240446538,0.3769347506465872,0.028886556779846848,0.5546418020772629,0.09852297043601463,0.3347191708560533,0.005977412970608254,0.5898925934908081,0.0818173346802075,0.6260653409090909,0.46057174573406956,0.6590763725976473,0.42846051793245227,0.5691581133092474,0.5608803691870784,0.3513305942203145,0.5992741996385503,0.34125603959066264,0.4051354121875983,0.06518497172201254,0.10924115151375507,0.059802172959096955
hqrtm_q70,B1_structural,3,0.6142752396524905,0.019936608107386546,0.45303204929725577,0.03697101288754163,0.6509394190218823,0.013868520921878182,0.42343330475870117,0.0285502503724054,0.5746374960136569,0.036267096835309494,0.5710848323209249,0.05279638638090745,0.33399327734438566,0.028299775235633564,0.6059880635306285,0.04147100350330346,0.3284550361574855,0.02133354889650331,0.3699016670068682,0.0339044189923955,0.5710848323209249,0.05279638638090745,0.33399327734438566,0.028299775235633564,0.6059880635306285,0.04147100350330346,0.638967803030303,0.4759248900552666,0.6700852486729362,0.4411261698802554,0.5831464934295252,0.5598154064607739,0.34413297962654354,0.5973533051150488,0.3347591471466823,0.3924792791147592,0.0791523965695291,0.13179191042872307,0.07273194355788737
hqrtm_q70,B1_structural,4,0.6289031816755771,0.0379712107557442,0.46398030101011584,0.025217672397666584,0.6622007653069248,0.032383519041073464,0.4328538649143159,0.01927445398085664,0.5751598231225196,0.017354755094855373,0.5719394007192583,0.05070755693749536,0.33908124934318173,0.024979473139853527,0.6035010553506956,0.03785109686086314,0.3357698082373943,0.024974058611973878,0.37903978912283864,0.04778149547966739,0.5719394007192583,0.05070755693749536,0.33908124934318173,0.024979473139853527,0.6035010553506956,0.03785109686086314,0.638967803030303,0.4759248900552666,0.6700852486729362,0.4411261698802554,0.5831464934295252,0.5598154064607739,0.34413297962654354,0.5973533051150488,0.3347591471466823,0.3924792791147592,0.0791523965695291,0.13179191042872307,0.07273194355788737
hqrtm_q70,B2_structural_socioeconomic,2,0.5424291580366325,0.09795450739121726,0.43958309772150644,0.05091798401908965,0.6090294261844388,0.08207417684371829,0.5073661732761218,0.000429146625380427,0.5777397749430557,0.05290431931898744,0.5054111259955549,0.05854836370508479,0.37001297317355386,0.010808442628323398,0.5688551108154465,0.06826207905024972,0.45602941148906856,0.06149210493337298,0.46217311919067017,0.003981009203590686,0.5054111259955549,0.05854836370508479,0.37001297317355386,0.010808442628323398,0.5688551108154465,0.06826207905024972,0.6548295454545454,0.4856371679693996,0.6916902956727615,0.46764125452680483,0.5776094476380165,0.6357827476038339,0.459194368819128,0.6728179813992126,0.4458296696041387,0.5464015123811754,0.019046797850711505,0.02644279915027159,0.018872314273548962
hqrtm_q70,B2_structural_socioeconomic,3,0.6203281850329369,0.0778559790787424,0.4746088530879087,0.06905128843804628,0.6684528633784272,0.058981782855300695,0.48213088877982263,0.05184895543539988,0.586033710000981,0.030971996581306355,0.5893464809668233,0.01939839620373695,0.39018554423508406,0.05239583447000747,0.635959341772858,0.014417075173107747,0.4272998966248864,0.08993546911743187,0.44579321811232897,0.07421313108650439,0.5893464809668233,0.01939839620373695,0.39018554423508406,0.05239583447000747,0.635959341772858,0.014417075173107747,0.7154356060606061,0.5237495361074676,0.7345337392786966,0.4981487756791664,0.5821632447715676,0.6957756478523252,0.49519635186094035,0.7142901623114031,0.4756095490566182,0.5523638647322032,0.019659958208280925,0.028553184246527197,0.02024357696729351
hqrtm_q70,B2_structural_socioeconomic,4,0.6645336500078762,0.08168304977178098,0.5037093014292986,0.0753935960631387,0.6991431813556024,0.061113478039656846,0.4880477586686708,0.0672273430236477,0.5970377584625405,0.027652030527106346,0.6401045051436554,0.06201104957761633,0.39294317030978376,0.035632225181624747,0.6617790674539586,0.05425091423974952,0.400858032362972,0.050249586374254224,0.4148710270645633,0.03546280412889636,0.6401045051436554,0.06201104957761633,0.39294317030978376,0.035632225181624747,0.6617790674539586,0.05425091423974952,0.8319128787878788,0.6510790495319823,0.8204092652577433,0.6753673484110276,0.6357408465896501,0.7816826411075612,0.5125588356639216,0.7657003962255731,0.5280837851765657,0.5032170056198109,0.050230237680317535,0.13852021386806068,0.054708869032170204
hqrtm_q70,B3_structural_context,2,0.5914617112401097,0.054636434124422366,0.4483183269031805,0.05415957386883583,0.6335417209149018,0.04306244718365459,0.42433843623150397,0.03898946117068367,0.5939586953944835,0.05057981406824886,0.6019663443385714,0.04521053193454827,0.3644046288239695,0.018839317809187583,0.6310150952009566,0.029378129945033093,0.35801379988009147,0.02132893522716294,0.40206038956449386,0.03138293329926684,0.6019663443385714,0.04521053193454827,0.3644046288239695,0.018839317809187583,0.6310150952009566,0.029378129945033093,0.6588541666666666,0.4986193587701816,0.6864235719603708,0.4600658507229233,0.597811857198621,0.6041888533901314,0.39222868309996584,0.6378437616955874,0.3757214512437973,0.45045906707485256,0.05466531327653523,0.10639067567021576,0.04857981026478342
hqrtm_q70,B3_structural_context,3,0.5463004241943643,0.007661057887573074,0.40831628738026743,0.007862009119550154,0.5993738147465009,0.00583080492682654,0.4022200749126617,0.013394035674094553,0.5742113509820156,0.009492800310934621,0.6174041209871762,0.04081634136965193,0.3594321110170379,0.014268708687967667,0.6417855369832226,0.02538559950802146,0.3559289475839738,0.009661693206989912,0.3892305839798107,0.029677739428449017,0.6174041209871762,0.04081634136965193,0.3594321110170379,0.014268708687967667,0.6417855369832226,0.02538559950802146,0.6821732954545454,0.5193591894190376,0.7079476742811962,0.477366221086975,0.6279324341837312,0.6173233936812211,0.40493149193005445,0.6491364097804346,0.385795394867926,0.4690184711417603,0.06484990177332428,0.11442769748898313,0.05881126450076157
hqrtm_q70,B3_structural_context,4,0.4539484650255927,0.13594982107336273,0.35613263352665503,0.07554574778970503,0.4930780935307463,0.16220217209016233,0.3822518072015797,0.026137110606616665,0.546464190126536,0.03406155453024507,0.6259725363611381,0.11480455882314548,0.34911400617196364,0.03193534307763512,0.6333643275057241,0.07049913010915902,0.34800082212844896,0.02583208814710705,0.3845391026423656,0.059321633953723675,0.6259725363611381,0.11480455882314548,0.34911400617196364,0.03193534307763512,0.6333643275057241,0.07049913010915902,0.6588541666666666,0.4986193587701816,0.6864235719603708,0.4600658507229233,0.597811857198621,0.6041888533901314,0.39222868309996584,0.6378437616955874,0.3757214512437973,0.45045906707485256,0.05466531327653523,0.10639067567021576,0.04857981026478342
hqrtm_q70,B4_structural_context_socioeconomic,2,0.7054988348928362,0.09167632065525479,0.6087389803363041,0.10340489998728826,0.7416052746850048,0.0747427026548694,0.5818306235144495,0.08432472417564174,0.7113395549521806,0.10021836832980376,0.6735603505328547,0.11516454768447429,0.3968072799826528,0.0031712317593978146,0.6779063976550899,0.07453370590393449,0.41113111356736465,0.042397022807207696,0.421588310782816,0.03576337933193272,0.6735603505328547,0.11516454768447429,0.3968072799826528,0.0031712317593978146,0.6779063976550899,0.07453370590393449,0.7953361742424242,0.6721697434305196,0.8106026169998957,0.6415699090871403,0.7217898190200193,0.7319843805466809,0.5627694229810319,0.7492546497549802,0.5439172638337395,0.5949883603049493,0.06335179369574329,0.10940032044948766,0.061347967244915425
hqrtm_q70,B4_structural_context_socioeconomic,3,0.6194905840345525,0.04705088707210368,0.505283222595143,0.027546394048255405,0.6665528846092926,0.038706558970085445,0.4958949103591907,0.00955082593820775,0.6489923426570775,0.0018180003314862108,0.6976813768022841,0.06252393815566705,0.3984875554092542,0.06845468969034744,0.691483449804025,0.048276683542149236,0.4047358869796236,0.069758954277119,0.40983832870064196,0.06097327663496925,0.6976813768022841,0.06252393815566705,0.3984875554092542,0.06845468969034744,0.691483449804025,0.048276683542149236,0.6987452651515151,0.5585020786028219,0.7324283759315158,0.5306849418775521,0.6548915879871151,0.6819311324103656,0.524569836341268,0.7144850095443044,0.5021176229234605,0.6028767197900856,0.016814132741149512,0.03393224226155389,0.01794336638721139
hqrtm_q70,B4_structural_context_socioeconomic,4,0.7019049439293183,0.08145114530815717,0.567268622224553,0.07411909377118017,0.73441536098013,0.062017476082684944,0.5505877841256358,0.071424900282095,0.6604986420115101,0.02797626261533949,0.6884295864714038,0.13084204530129173,0.4153924094542857,0.070246066174526,0.6878244653887753,0.09753213172138382,0.4278524654928363,0.07546434123351117,0.44541088848290855,0.034803140958333596,0.6884295864714038,0.13084204530129173,0.4153924094542857,0.070246066174526,0.6878244653887753,0.09753213172138382,0.830374053030303,0.6648882227374799,0.8283306346349911,0.6676495370745517,0.6633834518834936,0.7809726659566916,0.5487268120075959,0.77878746640845,0.5496525893587874,0.5487246233232239,0.049401387073611414,0.11616141072988406,0.049543168226541145
traditional_lihc,B1_structural,2,0.5961493955931583,0.0026525733118428606,0.45261968178641426,0.01828364777544161,0.6322417713473567,0.0005279013759764555,0.42716152494397186,0.015304206231525525,0.5472463841476914,0.008307436106289636,0.547664987459769,0.08518489917594582,0.35596990896858927,0.033666202928870584,0.5814808808510589,0.0643035530320637,0.352882291764428,0.026517222177435604,0.4051124185954842,0.017156433828997966,0.547664987459769,0.08518489917594582,0.35596990896858927,0.033666202928870584,0.5814808808510589,0.0643035530320637,0.5788352272727273,0.44283503470784635,0.6158911552570334,0.41791906133115286,0.5395317367959975,0.5264465743698971,0.3522752758513985,0.5673468437183465,0.34323516850827346,0.4090874480757789,0.052388652902830235,0.09055975885644785,0.04854431153868688
traditional_lihc,B1_structural,3,0.5731901559105977,0.01800747851940397,0.4134338621192823,0.014500282220409085,0.6132632819329046,0.019227630349262347,0.3951539935934048,0.01220712488136959,0.5143780548235865,0.017836317949244482,0.5711931200438506,0.043865449898427646,0.36626234594095824,0.017536872440398723,0.6051344773102358,0.03293633864391877,0.36332337293264544,0.015929180779788967,0.4238117065609828,0.0022970875006302323,0.5711931200438506,0.043865449898427646,0.36626234594095824,0.017536872440398723,0.6051344773102358,0.03293633864391877,0.5788352272727273,0.44283503470784635,0.6158911552570334,0.41791906133115286,0.5395317367959975,0.5264465743698971,0.3522752758513985,0.5673468437183465,0.34323516850827346,0.4090874480757789,0.052388652902830235,0.09055975885644785,0.04854431153868688
traditional_lihc,B1_structural,4,0.5596096961087704,0.03243269414485104,0.4121393937100635,0.0456091840202591,0.60194451335057,0.024134808664957957,0.3945650165855406,0.03484842577335336,0.5193022659889273,0.03843203467681558,0.5252469610087047,0.07407852836944123,0.35482937387867447,0.04918446367534103,0.5680241675529707,0.06418068294599857,0.35402899614174976,0.03540190290884712,0.4211634282931178,0.05365521726959549,0.5252469610087047,0.07407852836944123,0.35482937387867447,0.04918446367534103,0.5680241675529707,0.06418068294599857,0.5788352272727273,0.44283503470784635,0.6158911552570334,0.41791906133115286,0.5395317367959975,0.5264465743698971,0.3522752758513985,0.5673468437183465,0.34323516850827346,0.4090874480757789,0.052388652902830235,0.09055975885644785,0.04854431153868688
traditional_lihc,B2_structural_socioeconomic,2,0.6312923165520286,0.09975597531327479,0.5229456094875455,0.09871297290257766,0.6655299088893765,0.07864527919173128,0.5278015091001171,0.06002049361407236,0.5842161755750606,0.06611942760059228,0.5542755191009785,0.024744665241896932,0.38833172045905373,0.007613196052369606,0.5909991351088191,0.01901818239443705,0.3962183138368868,0.030364919638265646,0.43913411194349744,0.011029129397508787,0.5542755191009785,0.024744665241896932,0.38833172045905373,0.007613196052369606,0.5909991351088191,0.01901818239443705,0.7497632575757576,0.5736968969761136,0.7456720203670015,0.5584982700459085,0.5956275491762572,0.7199148029818956,0.49313794216780416,0.7121070199850066,0.4890314350344917,0.5001989076217519,0.029848454593861984,0.08055895480830944,0.03356500038199495
traditional_lihc,B2_structural_socioeconomic,3,0.729099363012554,0.024794109079505088,0.5792312338286687,0.01887621981788799,0.7383279060256297,0.02175444426746156,0.5531053228851089,0.024579616024928554,0.6168129505142855,0.009875515943950443,0.6701416809973989,0.038230711684157245,0.40560276697131764,0.04396118850699553,0.6650119764374814,0.034372026778364276,0.43044922943113767,0.03829846408608874,0.42475623239214394,0.04576430980957014,0.6701416809973989,0.038230711684157245,0.40560276697131764,0.04396118850699553,0.6650119764374814,0.034372026778364276,0.8090672348484849,0.6471744485598735,0.7907764265576014,0.6721753947516964,0.6383344509803639,0.7600283990060348,0.5025752536838297,0.7334857958522384,0.5268301186944545,0.49579069659453756,0.04903883584245006,0.14459919487604378,0.057290630705363
traditional_lihc,B2_structural_socioeconomic,4,0.6822148101401424,0.06935415514281229,0.5307064869251957,0.055022241631509074,0.701286517623454,0.05049619422917249,0.5091968813253075,0.05825791146383308,0.5920800344112405,0.025337545479643054,0.6261000357579996,0.08561041613302146,0.4107929832732412,0.0660965639135989,0.641102890482677,0.057786549807792395,0.42864153071642364,0.06594271279245859,0.4493651788288744,0.06395043064119742,0.6261000357579996,0.08561041613302146,0.4107929832732412,0.0660965639135989,0.641102890482677,0.057786549807792395,0.7780539772727273,0.6060955276481723,0.7671991926599728,0.6055555726935011,0.6134123655625485,0.7490237841675541,0.5160153807031912,0.7309396537115439,0.52520037841581,0.5144778144846202,0.029030193105173185,0.09008014694498112,0.03625953894842893
traditional_lihc,B3_structural_context,2,0.5699185154088762,0.04587962347334482,0.439802936032763,0.03876530131631554,0.6095004752898847,0.036745844928488834,0.4192748330739225,0.025473737541156522,0.5499740721170716,0.03321526689297432,0.5370111731843575,0.0655094271211001,0.3505666887247004,0.029496611342015148,0.5795861620275629,0.04795907028328659,0.3481805978104849,0.022277360831554686,0.4109788229154867,0.009555519592288208,0.5370111731843575,0.0655094271211001,0.3505666887247004,0.029496611342015148,0.5795861620275629,0.04795907028328659,0.7156723484848485,0.5730512075649103,0.7293692249887374,0.5365306195063639,0.632768229680075,0.6226482073127441,0.4029379695764581,0.6393963695338363,0.3867608596218608,0.4343004393719698,0.09302414117210445,0.17011323798845224,0.08997285545490108
traditional_lihc,B3_structural_context,3,0.5659958235388264,0.023493169769746254,0.4230671131790312,0.00829069601304091,0.6075799840476929,0.02178004362937046,0.4054790646937681,0.010543004089802117,0.5388942931379375,0.007721593817391529,0.593395464963242,0.03978267054171305,0.3840793610139366,0.02431536162881856,0.6199815921434985,0.024519171796971658,0.39682809699842253,0.020265651923210566,0.42868985234211543,0.0047653809382253364,0.593395464963242,0.03978267054171305,0.3840793610139366,0.02431536162881856,0.6199815921434985,0.024519171796971658,0.6792140151515151,0.5344290059662873,0.6989784607455504,0.4968899176312095,0.6088132083389866,0.6041888533901314,0.4040407557656329,0.6274411942063668,0.38510872198103185,0.4495816752351249,0.07502516176138374,0.13038825020065437,0.07153726653918357
traditional_lihc,B3_structural_context,4,0.5338469734903296,0.03060978290848294,0.3980762971439858,0.028208984562859092,0.582170835955922,0.024746184164212596,0.38856856262323314,0.018764469677259213,0.5194127136000681,0.03514688655946165,0.57104867473951,0.058465092897282814,0.37255780830728324,0.027779388005763638,0.6021678007112694,0.04387559186000718,0.3816507407718045,0.038103972102687886,0.41234893681732837,0.026220831912939987,0.57104867473951,0.058465092897282814,0.37255780830728324,0.027779388005763638,0.6021678007112694,0.04387559186000718,0.7168560606060606,0.5748128893533327,0.7315804443297258,0.5379523967165201,0.6364289129578722,0.6283280085197018,0.41838685745543125,0.6449544083588032,0.4002650919161711,0.4524820068006763,0.08852805208635872,0.1564260318979015,0.08662603597092255
traditional_lihc,B4_structural_context_socioeconomic,2,0.7014052593621167,0.112662057442094,0.5597997633159166,0.149150543612907,0.7185441394460969,0.08875909576050052,0.5573315845411226,0.14474888006203893,0.5818725444963218,0.12621496329887233,0.574798037696042,0.030505544511340403,0.3905882130056487,0.008938501666976998,0.6051568863695089,0.017456093377549702,0.3981747796799835,0.03361820451668408,0.4226366443889846,0.018833195394727286,0.574798037696042,0.030505544511340403,0.3905882130056487,0.008938501666976998,0.6051568863695089,0.017456093377549702,0.8057528409090909,0.650896091253944,0.796592579816101,0.6546950152990993,0.6511427737734817,0.7586084487042953,0.5345444038619569,0.7440720981462428,0.541517377804565,0.533586470454003,0.047144392204795604,0.11635168739198709,0.05252048166985823
traditional_lihc,B4_structural_context_socioeconomic,3,0.7122533800688391,0.11891457260724674,0.5850093882594263,0.11453821804440889,0.7284896417287917,0.09341485315254495,0.5751330459559242,0.11872923696911425,0.6362392937450946,0.04545831049691091,0.662331557426833,0.07916018509571744,0.4056569195922311,0.017332688783525778,0.6618715062442972,0.04474172908731266,0.4415902852170326,0.02561049170220256,0.4419926393658411,0.05407099128229522,0.662331557426833,0.07916018509571744,0.4056569195922311,0.017332688783525778,0.6618715062442972,0.04474172908731266,0.8293087121212122,0.6904847080489405,0.8155205414880854,0.7113818737658372,0.6800583824776096,0.7763578274760383,0.5431284917289568,0.7548418070490115,0.5607939027560152,0.5380477268805306,0.052950884645173835,0.14735621631998364,0.0606787344390739
traditional_lihc,B4_structural_context_socioeconomic,4,0.6823357215878482,0.0579514416975452,0.5616182451741094,0.05649551306665473,0.7093832400631347,0.047782293980256706,0.5358240396107078,0.058316828765903224,0.6343774572632903,0.02744412420325601,0.6005844865130641,0.06118676196140688,0.4106691607445022,0.07164466780064076,0.6279723254799885,0.053390659893693806,0.44124512855415504,0.06808652052821954,0.45119416168444215,0.06518383549492057,0.6005844865130641,0.06118676196140688,0.4106691607445022,0.07164466780064076,0.6279723254799885,0.053390659893693806,0.8293087121212122,0.6904847080489405,0.8155205414880854,0.7113818737658372,0.6800583824776096,0.7763578274760383,0.5431284917289568,0.7548418070490115,0.5607939027560152,0.5380477268805306,0.052950884645173835,0.14735621631998364,0.0606787344390739
