split,metric,iteration,mean,std
learn,MultiClass,1,1.3135164000766615,0.008304333761960554
learn,MultiClass,2,1.2485390101004694,0.015595723616125231
learn,MultiClass,3,1.1927329321341742,0.020307841570401736
learn,MultiClass,4,1.1480364879605858,0.02612996025367571
learn,MultiClass,5,1.1092998501613778,0.031432174406810835
learn,MultiClass,6,1.0763814279750594,0.03637606493782465
learn,MultiClass,7,1.0485689096776314,0.03881019961463385
learn,MultiClass,8,1.0214076524423759,0.040514381022517545
learn,MultiClass,9,0.9973235791772704,0.0404401186527004
learn,MultiClass,10,0.976045897523338,0.04040694413011199
learn,MultiClass,11,0.954863160037254,0.03914206562592571
learn,MultiClass,12,0.937246080742748,0.04032710236027172
learn,MultiClass,13,0.9207885767260273,0.04062435861235609
learn,MultiClass,14,0.9065966057305287,0.04034484367521275
learn,MultiClass,15,0.8929436056769806,0.04112515455378637
learn,MultiClass,16,0.8802266516993009,0.04081312927013049
learn,MultiClass,17,0.8683759317070429,0.04289638959751256
learn,MultiClass,18,0.8589835492211205,0.04422964947277014
learn,MultiClass,19,0.8484511453557466,0.04476792456049906
learn,MultiClass,20,0.8387959682528068,0.044962681893633456
learn,MultiClass,21,0.8305146449266824,0.045990280678475666
learn,MultiClass,22,0.8219189409669108,0.044933257140368825
learn,MultiClass,23,0.8136106251565313,0.04591670084330031
learn,MultiClass,24,0.8070449721336518,0.045408064591444926
learn,MultiClass,25,0.8001958872994378,0.046246569236649826
learn,MultiClass,26,0.7934139545274685,0.04565950612781858
learn,MultiClass,27,0.7865499848189506,0.045710016594748035
learn,MultiClass,28,0.7794990419837925,0.04650098613488103
learn,MultiClass,29,0.7730188379950096,0.046527886072624744
learn,MultiClass,30,0.7660332086682847,0.046711479193190124
learn,MultiClass,31,0.7601336247575381,0.0467666209328577
learn,MultiClass,32,0.7550922382176056,0.046640577171465726
learn,MultiClass,33,0.7495694129701057,0.046658527029916776
learn,MultiClass,34,0.7437360130530413,0.04596285396694804
learn,MultiClass,35,0.7396066390135378,0.04611872698850045
learn,MultiClass,36,0.7352847000077408,0.04591414197152588
learn,MultiClass,37,0.7294187830976067,0.04573249134890968
learn,MultiClass,38,0.7256399314041816,0.04534215654757005
learn,MultiClass,39,0.7213197367745745,0.04456817259394052
learn,MultiClass,40,0.7168516962281698,0.04359949875002552
learn,MultiClass,41,0.7128439666323576,0.04316753093974722
learn,MultiClass,42,0.7091105650494138,0.04392078259275283
learn,MultiClass,43,0.7046401773843984,0.04504042313467345
learn,MultiClass,44,0.7012316963075443,0.04551716231456028
learn,MultiClass,45,0.6980437281481986,0.045440687608614826
learn,MultiClass,46,0.6947783907445979,0.04570289490953382
learn,MultiClass,47,0.6916617783528367,0.04547473231922521
learn,MultiClass,48,0.6881528966253043,0.045058927223342156
learn,MultiClass,49,0.6850378856129489,0.0440298378918472
learn,MultiClass,50,0.6811161395775733,0.04279352615149575
learn,MultiClass,51,0.6771617712881203,0.04272564123160232
learn,MultiClass,52,0.6737987680678156,0.042533015680850585
learn,MultiClass,53,0.6705621539101874,0.04197429984983628
learn,MultiClass,54,0.6674005126976128,0.041789303251938824
learn,MultiClass,55,0.6638345444443847,0.041928879752987876
learn,MultiClass,56,0.6606899211047617,0.042414476339598016
learn,MultiClass,57,0.6567058893822207,0.04279400691351347
learn,MultiClass,58,0.6530348119673299,0.04249346021935863
learn,MultiClass,59,0.6500253545142289,0.04279308286140001
learn,MultiClass,60,0.6475521850655241,0.04304986055809642
learn,MultiClass,61,0.6443760045023763,0.04274228484707862
learn,MultiClass,62,0.6425948155601839,0.04280716770399396
learn,MultiClass,63,0.6398340501194006,0.04304462221293142
learn,MultiClass,64,0.6368004284338942,0.04252285087445628
learn,MultiClass,65,0.6345231610949285,0.041722070092780714
learn,MultiClass,66,0.6313467236313012,0.04149764370404106
learn,MultiClass,67,0.6286168207170344,0.04128507600853099
learn,MultiClass,68,0.6263259159888941,0.04177023098574082
learn,MultiClass,69,0.6235105815940631,0.042031460713214105
learn,MultiClass,70,0.6206126662898279,0.041979352268484475
learn,MultiClass,71,0.6182322395736508,0.041957641136312986
learn,MultiClass,72,0.6151516249281014,0.04213780756474116
learn,MultiClass,73,0.612727846905246,0.04219555389043824
learn,MultiClass,74,0.6108284972062352,0.04168079626199249
learn,MultiClass,75,0.608154835255824,0.0415239283682968
learn,MultiClass,76,0.6059929604022196,0.040927595244153576
learn,MultiClass,77,0.6035225472968417,0.041551222594828824
learn,MultiClass,78,0.6012702004604644,0.041101878131294525
learn,MultiClass,79,0.599724520880254,0.04084569537707387
learn,MultiClass,80,0.596654292147199,0.040890049063550774
learn,MultiClass,81,0.5946875805809368,0.041225426603477444
learn,MultiClass,82,0.5921691944941349,0.04087613576068393
learn,MultiClass,83,0.5900181593685571,0.04084509827468748
learn,MultiClass,84,0.5875816749035948,0.04077642708239863
learn,MultiClass,85,0.5855584446959125,0.04088226821022828
learn,MultiClass,86,0.5828860859643266,0.04038104897032621
learn,MultiClass,87,0.5807336733428774,0.04013834559226482
learn,MultiClass,88,0.5780639801347587,0.04036565252528588
learn,MultiClass,89,0.5754797686656595,0.039641148237677
learn,MultiClass,90,0.5733627437925639,0.03984781483435497
learn,MultiClass,91,0.5709459799748321,0.039774950227997805
learn,MultiClass,92,0.5686717910687281,0.03937384912177599
learn,MultiClass,93,0.5667317933067942,0.039000763624337326
learn,MultiClass,94,0.5646348676298134,0.03858648325956963
learn,MultiClass,95,0.5624952052770975,0.03837000853095246
learn,MultiClass,96,0.5603680641248489,0.03864798688376543
learn,MultiClass,97,0.5580119687797829,0.03883579946361617
learn,MultiClass,98,0.5559807802405772,0.03798786961045747
learn,MultiClass,99,0.5544586698137915,0.03777765818943925
learn,MultiClass,100,0.5523115466719801,0.03804002425567262
learn,MultiClass,101,0.550264025719453,0.03823618646324107
learn,MultiClass,102,0.548107648840372,0.038678619201128105
learn,MultiClass,103,0.5459367743433797,0.038936299505607085
learn,MultiClass,104,0.5430786967895277,0.03892061880176631
learn,MultiClass,105,0.5411763964269348,0.038783754774264954
learn,MultiClass,106,0.538715740896312,0.03865895359286909
learn,MultiClass,107,0.5368533146449818,0.038380294007144926
learn,MultiClass,108,0.5351989464723677,0.038782235846751105
learn,MultiClass,109,0.5330445391701332,0.03819725338203864
learn,MultiClass,110,0.5310735148951802,0.03885863257746533
learn,MultiClass,111,0.5291067521155493,0.03873614448820009
learn,MultiClass,112,0.5269598870694248,0.038955430394368745
learn,MultiClass,113,0.5245366488440171,0.03880649038141767
learn,MultiClass,114,0.5229232264000265,0.03904832733741149
learn,MultiClass,115,0.5210599921401091,0.038877730230332364
learn,MultiClass,116,0.5187893808698764,0.03911697577691734
learn,MultiClass,117,0.5167743364847122,0.03909064256122161
learn,MultiClass,118,0.5151801326328211,0.038862944424845565
learn,MultiClass,119,0.5131531905773192,0.03918917426472061
learn,MultiClass,120,0.5114105033896933,0.03876518970906018
learn,MultiClass,121,0.509446235462234,0.03808591096645031
learn,MultiClass,122,0.5074437735094957,0.03784884339446431
learn,MultiClass,123,0.5057893644237343,0.03756842863238672
learn,MultiClass,124,0.5042390297673354,0.03704065147063004
learn,MultiClass,125,0.5024665552152918,0.036822001029707556
learn,MultiClass,126,0.50065310858858,0.036724932474382375
learn,MultiClass,127,0.4988170622217875,0.03663790244286693
learn,MultiClass,128,0.49706091883659836,0.0362093239207525
learn,MultiClass,129,0.49551125768075377,0.03613858514624167
learn,MultiClass,130,0.4938026369180756,0.035946896087253606
learn,MultiClass,131,0.49213171684043744,0.03608715145303376
learn,MultiClass,132,0.49022902081888886,0.03571450579175537
learn,MultiClass,133,0.48848908352120246,0.0355135562534102
learn,MultiClass,134,0.48691745301125666,0.03492804645130053
learn,MultiClass,135,0.48527365909795483,0.03471680849488418
learn,MultiClass,136,0.48389000546427463,0.034595925386563246
learn,MultiClass,137,0.48237789190175506,0.03476513790342934
learn,MultiClass,138,0.4806586044638353,0.03446738252623482
learn,MultiClass,139,0.4787177603969237,0.03426037962389912
learn,MultiClass,140,0.47709261937801906,0.03413847191799064
learn,MultiClass,141,0.47568290597448215,0.03397656047899707
learn,MultiClass,142,0.4742191983196263,0.033852591964911735
learn,MultiClass,143,0.4727422254632945,0.033842290365951384
learn,MultiClass,144,0.471289811736058,0.033743465490212274
learn,MultiClass,145,0.4700657088103859,0.03352739946288013
learn,MultiClass,146,0.4683193196933667,0.033186998032494676
learn,MultiClass,147,0.4669054112719759,0.032795999314493854
learn,MultiClass,148,0.4657135380997417,0.03258409443512829
learn,MultiClass,149,0.4645442818905121,0.03233782213196843
learn,MultiClass,150,0.46331233861747234,0.03199601853931341
learn,MultiClass,151,0.462024921366851,0.032027882317211986
learn,MultiClass,152,0.4605097601910989,0.031821013696906826
learn,MultiClass,153,0.45939350162660236,0.031499907509336164
learn,MultiClass,154,0.45806139875498625,0.031384676419378754
learn,MultiClass,155,0.45665377619719877,0.031492911008304654
learn,MultiClass,156,0.45543352595460224,0.03135171786663187
learn,MultiClass,157,0.45438537833664144,0.030995961283210558
learn,MultiClass,158,0.45344575087780703,0.030932168126143054
learn,MultiClass,159,0.45233699188439674,0.030716149249558247
learn,MultiClass,160,0.45127381410491035,0.030589173111315066
learn,MultiClass,161,0.4447794043582089,0.03491665759538099
learn,MultiClass,162,0.4437446405813607,0.03504801446931711
learn,MultiClass,163,0.4429048184511631,0.03506192371428785
learn,MultiClass,164,0.4417149601994508,0.034665357701773675
learn,MultiClass,165,0.44035367332008746,0.034235009868341146
learn,MultiClass,166,0.4393430586046771,0.034024883066103635
learn,MultiClass,167,0.4384740146111313,0.0336603726505881
learn,MultiClass,168,0.43739792202808175,0.03338192044550748
learn,MultiClass,169,0.43632805511395906,0.03340328389728959
learn,MultiClass,170,0.43531277938487994,0.03299883026769021
learn,MultiClass,171,0.4343413352914777,0.032968022231026885
learn,MultiClass,172,0.43332724972464387,0.032912431048262435
learn,MultiClass,173,0.43252040264645847,0.032792607646060484
learn,MultiClass,174,0.4315245317315494,0.032501618094750745
learn,MultiClass,175,0.4302884960668414,0.03243547327373304
learn,MultiClass,176,0.4289835292070441,0.0323241573866202
learn,MultiClass,177,0.4274909344356086,0.0326362860638115
learn,MultiClass,178,0.4264332631043846,0.03223881920013358
learn,MultiClass,179,0.42560333655553234,0.031882423001352245
learn,MultiClass,180,0.4246826557209797,0.031849980288331865
learn,MultiClass,181,0.4062350743731068,0.016267843498128133
learn,MultiClass,182,0.4055030201922566,0.016532763063818984
learn,MultiClass,183,0.404966107650629,0.01698735220906387
learn,MultiClass,184,0.40406087290917514,0.01696059024342046
learn,MultiClass,185,0.40302669314638434,0.016411829047898813
learn,MultiClass,186,0.40223544108092135,0.016755945745589064
learn,MultiClass,187,0.40142466154422174,0.01650413648698399
learn,MultiClass,188,0.4005832465978411,0.016555613355625953
learn,MultiClass,189,0.3996270071001885,0.015773738780772012
learn,MultiClass,190,0.3989862680048487,0.015598090799712772
learn,MultiClass,191,0.39806491578758807,0.01579811793911022
learn,MultiClass,192,0.39738072763101023,0.01580145826288745
learn,MultiClass,193,0.39655317804208867,0.015709210227421676
learn,MultiClass,194,0.3957233534569025,0.01583700656375886
learn,MultiClass,195,0.3954370629583189,0.01606941119977479
learn,MultiClass,196,0.39446665818750515,0.015867311348981533
learn,MultiClass,197,0.39384229150716976,0.01572450081828438
learn,MultiClass,198,0.3929695390900134,0.016292594376492317
learn,MultiClass,199,0.39193561327027127,0.016161902411607077
learn,MultiClass,200,0.3910043068626936,0.016135794259038334
learn,MultiClass,201,0.3901510461078693,0.016092836974570545
learn,MultiClass,202,0.3894390800695917,0.015627954244770786
learn,MultiClass,203,0.389081562782355,0.015678091382448026
learn,MultiClass,204,0.3885237070363827,0.01566888751727568
learn,MultiClass,205,0.3878713985111857,0.016448670001151407
learn,MultiClass,206,0.3869720906896057,0.01639509794853055
learn,MultiClass,207,0.3867765125148752,0.01661945605781224
learn,MultiClass,208,0.385835959504364,0.016789053688164034
learn,MultiClass,209,0.38545917190511986,0.017309190139662256
learn,MultiClass,210,0.38493637929281577,0.01744583316630063
learn,MultiClass,211,0.3842986187187678,0.018073477188441465
learn,MultiClass,212,0.38364678558923915,0.01842094853118761
learn,MultiClass,213,0.3836385900096006,0.01842874870675687
learn,MultiClass,214,0.38285802622404075,0.017982031097662787
learn,MultiClass,215,0.381801087395343,0.017981706103543972
learn,MultiClass,216,0.3809611856993804,0.01786103147465339
learn,MultiClass,217,0.380420394298857,0.017953804436330496
learn,MultiClass,218,0.3797757244185463,0.017495603505831517
learn,MultiClass,219,0.3793063553477778,0.017839720171202944
learn,MultiClass,220,0.3788301225628563,0.01718427037325485
learn,MultiClass,221,0.3781940071890322,0.016646940247586495
learn,MultiClass,222,0.377863087648479,0.016195901217081973
learn,MultiClass,223,0.37769771924293793,0.015974430564604934
learn,MultiClass,224,0.37738107560202266,0.016197068531125042
learn,MultiClass,225,0.37699333892465875,0.01566402415385378
learn,MultiClass,226,0.3765893450654103,0.01622874125922769
learn,MultiClass,227,0.3764503415695285,0.016418969349336437
learn,MultiClass,228,0.3764486937665181,0.0164180676167789
learn,MultiClass,229,0.3761025077002222,0.016897282173496765
learn,MultiClass,230,0.3756902001541067,0.017477310964948714
learn,MultiClass,231,0.3752604576121868,0.018074987135733692
learn,MultiClass,232,0.388031532135168,
learn,MultiClass,233,0.38737904977357684,
learn,MultiClass,234,0.38699320807904763,
learn,MultiClass,235,0.38698930271060406,
learn,MultiClass,236,0.3865813718060894,
learn,MultiClass,237,0.3857647588381973,
learn,MultiClass,238,0.3850746346824081,
learn,MultiClass,239,0.38464980869656473,
learn,MultiClass,240,0.384582322781508,
learn,MultiClass,241,0.38436611916496133,
learn,MultiClass,242,0.3843623706242426,
learn,MultiClass,243,0.38436053193368847,
learn,MultiClass,244,0.38417550686452917,
learn,MultiClass,245,0.3835284035741624,
learn,MultiClass,246,0.38258379097543466,
learn,MultiClass,247,0.38196609555785394,
learn,MultiClass,248,0.3819574220768806,
learn,MultiClass,249,0.3817478099467842,
learn,MultiClass,250,0.3814633750234956,
learn,MultiClass,251,0.3808514594332802,
learn,MultiClass,252,0.38067555836167666,
learn,MultiClass,253,0.38067387788793255,
learn,MultiClass,254,0.3798506891498794,
learn,MultiClass,255,0.37939930242581427,
learn,MultiClass,256,0.3790016477512586,
learn,MultiClass,257,0.3783506724467773,
learn,MultiClass,258,0.3783489999628925,
learn,MultiClass,259,0.37733889259282316,
learn,MultiClass,260,0.3773333535917856,
learn,MultiClass,261,0.3773301787161442,
learn,MultiClass,262,0.3773249843181609,
learn,MultiClass,263,0.37634758708513466,
learn,MultiClass,264,0.3763445559108382,
learn,MultiClass,265,0.37633797687954235,
learn,MultiClass,266,0.3761754072729712,
learn,MultiClass,267,0.37511523984410916,
learn,MultiClass,268,0.37511385120369317,
learn,MultiClass,269,0.375106483871734,
learn,MultiClass,270,0.37503848384873406,
learn,MultiClass,271,0.37503408545006883,
learn,MultiClass,272,0.37464974062118955,
learn,MultiClass,273,0.37408171984157323,
learn,MultiClass,274,0.37407900923193055,
learn,MultiClass,275,0.372703684539917,
learn,MultiClass,276,0.3727010882865108,
learn,MultiClass,277,0.37217029116234773,
learn,MultiClass,278,0.3721647041709894,
learn,MultiClass,279,0.3721634616314614,
learn,MultiClass,280,0.37215944421981745,
learn,MultiClass,281,0.37178118671037996,
learn,MultiClass,282,0.371342934796743,
learn,MultiClass,283,0.37129045639761726,
learn,MultiClass,284,0.37072373960837224,
learn,MultiClass,285,0.37044900789680696,
learn,MultiClass,286,0.37039313750864217,
learn,MultiClass,287,0.3694499274213386,
learn,MultiClass,288,0.3688766434130669,
learn,MultiClass,289,0.368254729767392,
learn,MultiClass,290,0.36776686237521883,
learn,MultiClass,291,0.36708258512210235,
learn,MultiClass,292,0.36618094009981966,
learn,MultiClass,293,0.3652516350713078,
learn,MultiClass,294,0.3648078836946148,
learn,MultiClass,295,0.36440326596329564,
learn,MultiClass,296,0.36381056194743905,
learn,MultiClass,297,0.363302429046245,
learn,MultiClass,298,0.3628085193043881,
learn,MultiClass,299,0.3623380704896274,
learn,MultiClass,300,0.36149197856769333,
learn,MultiClass,301,0.36075149599094897,
learn,MultiClass,302,0.36056258029846855,
learn,MultiClass,303,0.3605574705597055,
learn,MultiClass,304,0.3602650853708726,
learn,MultiClass,305,0.3596610797265436,
learn,MultiClass,306,0.3591417645769038,
learn,MultiClass,307,0.35914070407628235,
learn,MultiClass,308,0.3587961342593267,
learn,MultiClass,309,0.35845660722025907,
learn,MultiClass,310,0.3582927471269664,
learn,MultiClass,311,0.3577835173812765,
learn,MultiClass,312,0.3574854695615357,
learn,MultiClass,313,0.35693167397558784,
learn,MultiClass,314,0.3562443063891063,
learn,MultiClass,315,0.35550793296428684,
learn,MultiClass,316,0.35523410093369684,
learn,MultiClass,317,0.35427524949117745,
learn,MultiClass,318,0.35426636812363443,
learn,MultiClass,319,0.35426442032015554,
learn,MultiClass,320,0.3542070592278607,
learn,MultiClass,321,0.35364673639534455,
learn,MultiClass,322,0.3536448192299907,
learn,MultiClass,323,0.35262507175800445,
learn,MultiClass,324,0.35262320671837716,
learn,MultiClass,325,0.352159233232948,
learn,MultiClass,326,0.3521525393963842,
learn,MultiClass,327,0.3521319374313256,
learn,MultiClass,328,0.3521278056717191,
learn,MultiClass,329,0.35181718102956755,
learn,MultiClass,330,0.3516631432019566,
learn,MultiClass,331,0.35137565503689405,
learn,MultiClass,332,0.3512381274504487,
learn,MultiClass,333,0.350585862649521,
learn,MultiClass,334,0.3505841058241703,
learn,TotalF1:average=Macro,1,0.5538743442522114,0.027858979394706967
learn,TotalF1:average=Macro,2,0.5919025134748757,0.030622785351042042
learn,TotalF1:average=Macro,3,0.6193179531184135,0.022987060368229256
learn,TotalF1:average=Macro,4,0.6245658408194806,0.03418071355606008
learn,TotalF1:average=Macro,5,0.6249368802307342,0.02420327429643685
learn,TotalF1:average=Macro,6,0.6311870873680399,0.028691203372666025
learn,TotalF1:average=Macro,7,0.6322949012904919,0.03245906433759197
learn,TotalF1:average=Macro,8,0.6400362510874426,0.028499164176157638
learn,TotalF1:average=Macro,9,0.6481051387238574,0.021507430401634955
learn,TotalF1:average=Macro,10,0.6530500686201801,0.02132228636064961
learn,TotalF1:average=Macro,11,0.6578780565227698,0.02251629227488079
learn,TotalF1:average=Macro,12,0.6604945087586118,0.021171389019510243
learn,TotalF1:average=Macro,13,0.6655671116383647,0.016940388319944107
learn,TotalF1:average=Macro,14,0.6649124781077483,0.022873061062461838
learn,TotalF1:average=Macro,15,0.670106235375563,0.020438996841279054
learn,TotalF1:average=Macro,16,0.6726079296509437,0.02011444387697278
learn,TotalF1:average=Macro,17,0.6733686084823598,0.021195558375600866
learn,TotalF1:average=Macro,18,0.6745277319298348,0.021303248414202593
learn,TotalF1:average=Macro,19,0.6766763949823649,0.02609128829991322
learn,TotalF1:average=Macro,20,0.6811559415796304,0.024021803989048508
learn,TotalF1:average=Macro,21,0.682737836150641,0.024286682905822792
learn,TotalF1:average=Macro,22,0.6836782660476058,0.024703780296694757
learn,TotalF1:average=Macro,23,0.686191671277109,0.023764264516296766
learn,TotalF1:average=Macro,24,0.6886433320181575,0.024257783583920254
learn,TotalF1:average=Macro,25,0.6908235421499243,0.02383335401240619
learn,TotalF1:average=Macro,26,0.6938984061725754,0.02438861917909712
learn,TotalF1:average=Macro,27,0.6970296787818846,0.02339466352176403
learn,TotalF1:average=Macro,28,0.6994560357876046,0.022024799327102877
learn,TotalF1:average=Macro,29,0.7013555296803714,0.020430877742629066
learn,TotalF1:average=Macro,30,0.7033987038858722,0.02013955512262765
learn,TotalF1:average=Macro,31,0.7048694926522874,0.02006133650602203
learn,TotalF1:average=Macro,32,0.706638945973869,0.020551954691538418
learn,TotalF1:average=Macro,33,0.7090160963127816,0.01968713196206725
learn,TotalF1:average=Macro,34,0.709769221500018,0.020955997794166084
learn,TotalF1:average=Macro,35,0.7109008597052728,0.020187377355962162
learn,TotalF1:average=Macro,36,0.7125119103131661,0.01927105901058143
learn,TotalF1:average=Macro,37,0.7145591436621229,0.021649249723829856
learn,TotalF1:average=Macro,38,0.7157024951572006,0.021382644573679787
learn,TotalF1:average=Macro,39,0.7181903101437357,0.020813861063274635
learn,TotalF1:average=Macro,40,0.7200180623291038,0.019355507757305702
learn,TotalF1:average=Macro,41,0.7217611368572254,0.0185917024857575
learn,TotalF1:average=Macro,42,0.7235244688745515,0.018074616606666895
learn,TotalF1:average=Macro,43,0.726699505605005,0.01842254799898649
learn,TotalF1:average=Macro,44,0.7280469924233205,0.01884732818248365
learn,TotalF1:average=Macro,45,0.7293193362321228,0.01945692052625991
learn,TotalF1:average=Macro,46,0.7325818110009918,0.017598284145066898
learn,TotalF1:average=Macro,47,0.7339411502305829,0.017428558780158133
learn,TotalF1:average=Macro,48,0.7354267999629069,0.017188445707785795
learn,TotalF1:average=Macro,49,0.7372509577855391,0.017049486203020107
learn,TotalF1:average=Macro,50,0.7392299167934334,0.015405761418939188
learn,TotalF1:average=Macro,51,0.7411410626292121,0.015711980625500412
learn,TotalF1:average=Macro,52,0.7432190386169935,0.01646450601427523
learn,TotalF1:average=Macro,53,0.7442214185027777,0.015586181600925649
learn,TotalF1:average=Macro,54,0.7447390207079506,0.015688819113592083
learn,TotalF1:average=Macro,55,0.7461273005168816,0.01518312125392289
learn,TotalF1:average=Macro,56,0.7470921210608243,0.014575590131941272
learn,TotalF1:average=Macro,57,0.7499036429767411,0.014301162946596963
learn,TotalF1:average=Macro,58,0.7521855031475924,0.01436333034228763
learn,TotalF1:average=Macro,59,0.7547229834303737,0.014913482852480347
learn,TotalF1:average=Macro,60,0.7553594424956332,0.0158089184543432
learn,TotalF1:average=Macro,61,0.7580214998053925,0.014690973125239822
learn,TotalF1:average=Macro,62,0.758637260027685,0.0153123547557629
learn,TotalF1:average=Macro,63,0.7602683984489103,0.014931300749373651
learn,TotalF1:average=Macro,64,0.7615560588942067,0.014057754044542688
learn,TotalF1:average=Macro,65,0.7614835946676456,0.013387471020187794
learn,TotalF1:average=Macro,66,0.7639834133999452,0.01378510816667018
learn,TotalF1:average=Macro,67,0.7651156642680317,0.013482891024925326
learn,TotalF1:average=Macro,68,0.7666348474744311,0.01410818380120217
learn,TotalF1:average=Macro,69,0.7681963983669975,0.014063760801476775
learn,TotalF1:average=Macro,70,0.7691808795890898,0.014179175990739206
learn,TotalF1:average=Macro,71,0.7710178637991296,0.01447342349203963
learn,TotalF1:average=Macro,72,0.7722937768272247,0.014269576904824924
learn,TotalF1:average=Macro,73,0.7733417718268959,0.01411059275096024
learn,TotalF1:average=Macro,74,0.7742857960853395,0.013754136151973764
learn,TotalF1:average=Macro,75,0.7758630834060228,0.014473510828379115
learn,TotalF1:average=Macro,76,0.7766715311534951,0.014670557531223143
learn,TotalF1:average=Macro,77,0.7776450042486924,0.014816533457112865
learn,TotalF1:average=Macro,78,0.7788455272009275,0.014911045235514071
learn,TotalF1:average=Macro,79,0.7797244328349244,0.014899164128541273
learn,TotalF1:average=Macro,80,0.7809388010473555,0.01613473610537086
learn,TotalF1:average=Macro,81,0.78134793805407,0.01623778186488112
learn,TotalF1:average=Macro,82,0.782800768658114,0.01565574402170105
learn,TotalF1:average=Macro,83,0.7848514686280728,0.014724711123991378
learn,TotalF1:average=Macro,84,0.7857675094228306,0.014434420052952592
learn,TotalF1:average=Macro,85,0.786524733520691,0.015048151453975181
learn,TotalF1:average=Macro,86,0.7881662938284445,0.014056296486954589
learn,TotalF1:average=Macro,87,0.7892011677357958,0.013607515765666395
learn,TotalF1:average=Macro,88,0.790570441740191,0.01417832634459711
learn,TotalF1:average=Macro,89,0.7909994488900436,0.014428636658615815
learn,TotalF1:average=Macro,90,0.7920390360610744,0.014766619413643984
learn,TotalF1:average=Macro,91,0.7931326732146713,0.014475685114260858
learn,TotalF1:average=Macro,92,0.7945957449415931,0.013965783558822817
learn,TotalF1:average=Macro,93,0.7951706282476194,0.013556818465387914
learn,TotalF1:average=Macro,94,0.7960961170237488,0.013376727698193995
learn,TotalF1:average=Macro,95,0.7974094958525051,0.013135922877313154
learn,TotalF1:average=Macro,96,0.7983210830542876,0.013496383000616929
learn,TotalF1:average=Macro,97,0.7995296413237072,0.014274038928426862
learn,TotalF1:average=Macro,98,0.8004446851345506,0.013687619724062667
learn,TotalF1:average=Macro,99,0.8008493720232104,0.013421765705229642
learn,TotalF1:average=Macro,100,0.8024484379089845,0.013492774262936774
learn,TotalF1:average=Macro,101,0.8037181704882566,0.013924291458905537
learn,TotalF1:average=Macro,102,0.8046219258502998,0.014569916855403233
learn,TotalF1:average=Macro,103,0.805182791392218,0.014501400168303338
learn,TotalF1:average=Macro,104,0.8066483513983456,0.01439320969679794
learn,TotalF1:average=Macro,105,0.8077352115505212,0.014298848526154753
learn,TotalF1:average=Macro,106,0.8086426020989804,0.01424048278389438
learn,TotalF1:average=Macro,107,0.809686317749853,0.014121575818353318
learn,TotalF1:average=Macro,108,0.8104786248574685,0.014206565723985043
learn,TotalF1:average=Macro,109,0.811903904559436,0.014076663561762582
learn,TotalF1:average=Macro,110,0.8124955368756798,0.014294727082291774
learn,TotalF1:average=Macro,111,0.8136787632837006,0.013844603823721567
learn,TotalF1:average=Macro,112,0.8146426046321928,0.014264458237942717
learn,TotalF1:average=Macro,113,0.8156748801040928,0.014088557486319223
learn,TotalF1:average=Macro,114,0.8164877969252371,0.014331609999871658
learn,TotalF1:average=Macro,115,0.8174370385594223,0.013776141377320432
learn,TotalF1:average=Macro,116,0.8182528882003257,0.014456440820758438
learn,TotalF1:average=Macro,117,0.8189222581913554,0.014341063912850446
learn,TotalF1:average=Macro,118,0.8195441343852019,0.013953679448928981
learn,TotalF1:average=Macro,119,0.8205306681099098,0.014119499202508724
learn,TotalF1:average=Macro,120,0.8211979402539754,0.01410172020446445
learn,TotalF1:average=Macro,121,0.8225383512511121,0.013465479444586568
learn,TotalF1:average=Macro,122,0.8236499628298467,0.013052655391742248
learn,TotalF1:average=Macro,123,0.8245810168136062,0.013073627100669427
learn,TotalF1:average=Macro,124,0.8252447277769447,0.012683724243180648
learn,TotalF1:average=Macro,125,0.8260616366559425,0.012749434311778033
learn,TotalF1:average=Macro,126,0.8265082390830081,0.01286965493673205
learn,TotalF1:average=Macro,127,0.8275256458901152,0.012968421887043457
learn,TotalF1:average=Macro,128,0.8281883343964234,0.012393845469047541
learn,TotalF1:average=Macro,129,0.8292901520463726,0.01248345037906085
learn,TotalF1:average=Macro,130,0.8299700300013458,0.012605503747785905
learn,TotalF1:average=Macro,131,0.8306932906563539,0.012447507507455161
learn,TotalF1:average=Macro,132,0.831600678603732,0.012124073298989122
learn,TotalF1:average=Macro,133,0.8323643634965674,0.011422717685608324
learn,TotalF1:average=Macro,134,0.8329712841832584,0.01099197977851842
learn,TotalF1:average=Macro,135,0.8335910523345245,0.01082905648671421
learn,TotalF1:average=Macro,136,0.83407796067907,0.010754201136923523
learn,TotalF1:average=Macro,137,0.8348064961929402,0.01140964683473804
learn,TotalF1:average=Macro,138,0.8354018786284607,0.011143439382445051
learn,TotalF1:average=Macro,139,0.8361149696629553,0.010786360489029465
learn,TotalF1:average=Macro,140,0.8368651724463102,0.01084050746513385
learn,TotalF1:average=Macro,141,0.8371651721992779,0.010456262598896118
learn,TotalF1:average=Macro,142,0.8378475811579759,0.010536648186561479
learn,TotalF1:average=Macro,143,0.8383802876225305,0.010291901698813253
learn,TotalF1:average=Macro,144,0.8387986774842738,0.010638767887690774
learn,TotalF1:average=Macro,145,0.8391507025189936,0.010292160232872775
learn,TotalF1:average=Macro,146,0.8397802182339866,0.010347630818475582
learn,TotalF1:average=Macro,147,0.840717675151336,0.010127443492517561
learn,TotalF1:average=Macro,148,0.841140717390282,0.009810252296583768
learn,TotalF1:average=Macro,149,0.8416857179021504,0.010180876058862039
learn,TotalF1:average=Macro,150,0.8420334668223279,0.010215788414014229
learn,TotalF1:average=Macro,151,0.842638829135053,0.010223155004086522
learn,TotalF1:average=Macro,152,0.8435244744102317,0.009802177599516078
learn,TotalF1:average=Macro,153,0.8442925680334897,0.009437165718014062
learn,TotalF1:average=Macro,154,0.8445607445524681,0.00976650350841002
learn,TotalF1:average=Macro,155,0.8451214311747057,0.009715385176710497
learn,TotalF1:average=Macro,156,0.8462199595624585,0.00960895446597361
learn,TotalF1:average=Macro,157,0.8467412384500246,0.00935518355351942
learn,TotalF1:average=Macro,158,0.847150900026865,0.009413477425103692
learn,TotalF1:average=Macro,159,0.8474972786593177,0.008970074155788533
learn,TotalF1:average=Macro,160,0.8482445693265644,0.008692236037455385
learn,TotalF1:average=Macro,161,0.8509507683345715,0.008946811034811214
learn,TotalF1:average=Macro,162,0.8510501632338577,0.008959417650118805
learn,TotalF1:average=Macro,163,0.8512945477300465,0.009623936677154004
learn,TotalF1:average=Macro,164,0.8519006330990764,0.009110550095902559
learn,TotalF1:average=Macro,165,0.8520265476375964,0.00914522759352834
learn,TotalF1:average=Macro,166,0.8526808064182011,0.008958562060258852
learn,TotalF1:average=Macro,167,0.8529463839133334,0.008598040626550415
learn,TotalF1:average=Macro,168,0.8531956235260466,0.008372500364360812
learn,TotalF1:average=Macro,169,0.8535885084770539,0.008604988108279414
learn,TotalF1:average=Macro,170,0.8540962309279858,0.008248777752261181
learn,TotalF1:average=Macro,171,0.8542818834540844,0.00856126694867175
learn,TotalF1:average=Macro,172,0.8547267606798629,0.008804408412415725
learn,TotalF1:average=Macro,173,0.8555566018959141,0.008424979109412565
learn,TotalF1:average=Macro,174,0.8562191665320835,0.008381901825923061
learn,TotalF1:average=Macro,175,0.8564978019724677,0.00814065567627039
learn,TotalF1:average=Macro,176,0.8571227389787318,0.008436690410275357
learn,TotalF1:average=Macro,177,0.8579478834247847,0.0077209574833741815
learn,TotalF1:average=Macro,178,0.8584482752218995,0.007511711237585804
learn,TotalF1:average=Macro,179,0.8588237995492566,0.0076944292498152735
learn,TotalF1:average=Macro,180,0.8590798035625345,0.007354509170870338
learn,TotalF1:average=Macro,181,0.8639821367562719,0.00044339969705255557
learn,TotalF1:average=Macro,182,0.8643308975949608,0.0005396873254312714
learn,TotalF1:average=Macro,183,0.8645838731847224,0.0007362467524003708
learn,TotalF1:average=Macro,184,0.865078214206149,0.000396534991125012
learn,TotalF1:average=Macro,185,0.8649620132099034,0.0006278520121800469
learn,TotalF1:average=Macro,186,0.865046932838658,0.000429385179786816
learn,TotalF1:average=Macro,187,0.8655065937031425,0.0005919823815791146
learn,TotalF1:average=Macro,188,0.86596900472339,0.0006695027900897824
learn,TotalF1:average=Macro,189,0.8665967309818527,0.000287611275108608
learn,TotalF1:average=Macro,190,0.8667642927318545,3.872283021990226e-05
learn,TotalF1:average=Macro,191,0.8670252076127807,0.0002642697872405178
learn,TotalF1:average=Macro,192,0.8671235751300607,0.00026988848765350387
learn,TotalF1:average=Macro,193,0.8674956816238655,0.0006297969955808627
learn,TotalF1:average=Macro,194,0.8674108298448504,0.000981748700598244
learn,TotalF1:average=Macro,195,0.8673544259643289,0.001056598541452447
learn,TotalF1:average=Macro,196,0.8677667173143341,0.0010699219496651722
learn,TotalF1:average=Macro,197,0.8681072686702018,0.0013964551106634172
learn,TotalF1:average=Macro,198,0.8682833029252147,0.0020338516386821767
learn,TotalF1:average=Macro,199,0.8686771458042142,0.0015472457424494815
learn,TotalF1:average=Macro,200,0.8693853577143427,0.001356879330893791
learn,TotalF1:average=Macro,201,0.8697921403072584,0.00135529881361711
learn,TotalF1:average=Macro,202,0.8699866760941608,0.0011475925677812396
learn,TotalF1:average=Macro,203,0.8702343274770092,0.0010202981216362087
learn,TotalF1:average=Macro,204,0.8702212682586539,0.001550987464428328
learn,TotalF1:average=Macro,205,0.870064977539079,0.001406951924865505
learn,TotalF1:average=Macro,206,0.8705100422812775,0.0009329957841983899
learn,TotalF1:average=Macro,207,0.8703965438482927,0.001088570450670958
learn,TotalF1:average=Macro,208,0.870555278859175,0.0013147323743844797
learn,TotalF1:average=Macro,209,0.8707079140163694,0.0015305910837836436
learn,TotalF1:average=Macro,210,0.8708024612347447,0.001179624685915256
learn,TotalF1:average=Macro,211,0.871184033885962,0.0024367919985558806
learn,TotalF1:average=Macro,212,0.8714996232792211,0.0027189765609061597
learn,TotalF1:average=Macro,213,0.8714737069787453,0.0026823253772866322
learn,TotalF1:average=Macro,214,0.8720891003768279,0.00225481313427747
learn,TotalF1:average=Macro,215,0.8724541470129326,0.002112579863934493
learn,TotalF1:average=Macro,216,0.8727713642853197,0.002177512630350642
learn,TotalF1:average=Macro,217,0.8732471191735878,0.0025384721699705016
learn,TotalF1:average=Macro,218,0.8735715529628993,0.0025234924715330865
learn,TotalF1:average=Macro,219,0.8733164144436372,0.001997120539543955
learn,TotalF1:average=Macro,220,0.8734344650290928,0.0018301718005465093
learn,TotalF1:average=Macro,221,0.8736530326998643,0.0018207225958170425
learn,TotalF1:average=Macro,222,0.8739471361542861,0.001404797501832883
learn,TotalF1:average=Macro,223,0.8739196062674777,0.001365578504370904
learn,TotalF1:average=Macro,224,0.8740230702180192,0.001593626496056023
learn,TotalF1:average=Macro,225,0.8741081378815072,0.0014733226526318119
learn,TotalF1:average=Macro,226,0.8744229634937182,0.0019185533032028566
learn,TotalF1:average=Macro,227,0.8742677215411873,0.0016990080284843556
learn,TotalF1:average=Macro,228,0.8742096958224057,0.001700921372663257
learn,TotalF1:average=Macro,229,0.8746549018543915,0.002330537781147816
learn,TotalF1:average=Macro,230,0.8749436906899417,0.002738946869044916
learn,TotalF1:average=Macro,231,0.8753603108076793,0.003248713502142657
learn,TotalF1:average=Macro,232,0.8731189578613359,
learn,TotalF1:average=Macro,233,0.8733483249503483,
learn,TotalF1:average=Macro,234,0.8736202788439132,
learn,TotalF1:average=Macro,235,0.8736202788439132,
learn,TotalF1:average=Macro,236,0.8740270323613287,
learn,TotalF1:average=Macro,237,0.874195861007715,
learn,TotalF1:average=Macro,238,0.8745783630697266,
learn,TotalF1:average=Macro,239,0.8747531076509494,
learn,TotalF1:average=Macro,240,0.8747000088345492,
learn,TotalF1:average=Macro,241,0.8745861040974449,
learn,TotalF1:average=Macro,242,0.8745861040974449,
learn,TotalF1:average=Macro,243,0.8745861040974449,
learn,TotalF1:average=Macro,244,0.8747589098873683,
learn,TotalF1:average=Macro,245,0.875206478166946,
learn,TotalF1:average=Macro,246,0.8755457556705475,
learn,TotalF1:average=Macro,247,0.8755395347161431,
learn,TotalF1:average=Macro,248,0.8755395347161431,
learn,TotalF1:average=Macro,249,0.8754830759503806,
learn,TotalF1:average=Macro,250,0.8755434679286695,
learn,TotalF1:average=Macro,251,0.8760701385070401,
learn,TotalF1:average=Macro,252,0.8760143966553997,
learn,TotalF1:average=Macro,253,0.8760143966553997,
learn,TotalF1:average=Macro,254,0.8760647539219621,
learn,TotalF1:average=Macro,255,0.8767019894436967,
learn,TotalF1:average=Macro,256,0.8766476910282981,
learn,TotalF1:average=Macro,257,0.8769908114196913,
learn,TotalF1:average=Macro,258,0.8769908114196913,
learn,TotalF1:average=Macro,259,0.8769252164875042,
learn,TotalF1:average=Macro,260,0.8769252164875042,
learn,TotalF1:average=Macro,261,0.8768720824743812,
learn,TotalF1:average=Macro,262,0.8769869347938177,
learn,TotalF1:average=Macro,263,0.877213893835741,
learn,TotalF1:average=Macro,264,0.877213893835741,
learn,TotalF1:average=Macro,265,0.877213893835741,
learn,TotalF1:average=Macro,266,0.8770326094980175,
learn,TotalF1:average=Macro,267,0.877884368037804,
learn,TotalF1:average=Macro,268,0.877884368037804,
learn,TotalF1:average=Macro,269,0.8778311810922609,
learn,TotalF1:average=Macro,270,0.8779446759151344,
learn,TotalF1:average=Macro,271,0.8779446759151344,
learn,TotalF1:average=Macro,272,0.8778289043491405,
learn,TotalF1:average=Macro,273,0.8783401868581979,
learn,TotalF1:average=Macro,274,0.8783401868581979,
learn,TotalF1:average=Macro,275,0.8786830665555716,
learn,TotalF1:average=Macro,276,0.8786830665555716,
learn,TotalF1:average=Macro,277,0.8790977509698257,
learn,TotalF1:average=Macro,278,0.8790977509698257,
learn,TotalF1:average=Macro,279,0.8790977509698257,
learn,TotalF1:average=Macro,280,0.8790977509698257,
learn,TotalF1:average=Macro,281,0.879551831555427,
learn,TotalF1:average=Macro,282,0.8794419065585997,
learn,TotalF1:average=Macro,283,0.8794452659402427,
learn,TotalF1:average=Macro,284,0.8795579824266859,
learn,TotalF1:average=Macro,285,0.8798386925634263,
learn,TotalF1:average=Macro,286,0.8798386925634263,
learn,TotalF1:average=Macro,287,0.8799546553412619,
learn,TotalF1:average=Macro,288,0.8805285187131255,
learn,TotalF1:average=Macro,289,0.8805265335322761,
learn,TotalF1:average=Macro,290,0.8810289809531833,
learn,TotalF1:average=Macro,291,0.881491372816664,
learn,TotalF1:average=Macro,292,0.8817784478812928,
learn,TotalF1:average=Macro,293,0.8820714475633926,
learn,TotalF1:average=Macro,294,0.882350526282735,
learn,TotalF1:average=Macro,295,0.8825781709636876,
learn,TotalF1:average=Macro,296,0.8831421359847734,
learn,TotalF1:average=Macro,297,0.883425811044078,
learn,TotalF1:average=Macro,298,0.8837180469018981,
learn,TotalF1:average=Macro,299,0.8833747826847941,
learn,TotalF1:average=Macro,300,0.8832726748575561,
learn,TotalF1:average=Macro,301,0.8836162287186022,
learn,TotalF1:average=Macro,302,0.8836131681425938,
learn,TotalF1:average=Macro,303,0.8836708046328202,
learn,TotalF1:average=Macro,304,0.8837303738381684,
learn,TotalF1:average=Macro,305,0.8839587459166607,
learn,TotalF1:average=Macro,306,0.884129925803048,
learn,TotalF1:average=Macro,307,0.884129925803048,
learn,TotalF1:average=Macro,308,0.8841841792752703,
learn,TotalF1:average=Macro,309,0.8844131744239844,
learn,TotalF1:average=Macro,310,0.8845181544727199,
learn,TotalF1:average=Macro,311,0.8850936911870146,
learn,TotalF1:average=Macro,312,0.885088738686669,
learn,TotalF1:average=Macro,313,0.8847513733253166,
learn,TotalF1:average=Macro,314,0.8848103384865815,
learn,TotalF1:average=Macro,315,0.8854836082435767,
learn,TotalF1:average=Macro,316,0.8857712139967744,
learn,TotalF1:average=Macro,317,0.8860587080831459,
learn,TotalF1:average=Macro,318,0.8860587080831459,
learn,TotalF1:average=Macro,319,0.8861154619328171,
learn,TotalF1:average=Macro,320,0.8859450580775248,
learn,TotalF1:average=Macro,321,0.8864026623941478,
learn,TotalF1:average=Macro,322,0.8864026623941478,
learn,TotalF1:average=Macro,323,0.8864601748931983,
learn,TotalF1:average=Macro,324,0.8864601748931983,
learn,TotalF1:average=Macro,325,0.8865135311118695,
learn,TotalF1:average=Macro,326,0.8865135311118695,
learn,TotalF1:average=Macro,327,0.8864549085121456,
learn,TotalF1:average=Macro,328,0.8864549085121456,
learn,TotalF1:average=Macro,329,0.8866821639356566,
learn,TotalF1:average=Macro,330,0.886738050568294,
learn,TotalF1:average=Macro,331,0.8870209773503697,
learn,TotalF1:average=Macro,332,0.8873658006925608,
learn,TotalF1:average=Macro,333,0.8870212645703637,
learn,TotalF1:average=Macro,334,0.8870212645703637,
validation,MultiClass,1,1.332018437263591,0.020676312365850106
validation,MultiClass,2,1.3002564667603336,0.023907440080976502
validation,MultiClass,3,1.2658052548167138,0.021733351266000435
validation,MultiClass,4,1.2387767373156455,0.023310011120597694
validation,MultiClass,5,1.2055170724585946,0.03904333990875584
validation,MultiClass,6,1.1899763216518553,0.04396795407690811
validation,MultiClass,7,1.1676314563501031,0.04858112330390007
validation,MultiClass,8,1.152792088926717,0.0552129208994035
validation,MultiClass,9,1.132101289115568,0.06626625260744207
validation,MultiClass,10,1.1174452519587386,0.06665835222094138
validation,MultiClass,11,1.1010438638346394,0.06612878664715574
validation,MultiClass,12,1.0858950517338861,0.07396906007853499
validation,MultiClass,13,1.0733343294719173,0.06879495887544138
validation,MultiClass,14,1.0638592330746797,0.0747752689943002
validation,MultiClass,15,1.0569720561022775,0.0774477758877764
validation,MultiClass,16,1.050152279472221,0.08093336361448608
validation,MultiClass,17,1.0363716169513046,0.08932535359963774
validation,MultiClass,18,1.0287257918527477,0.0895026788157718
validation,MultiClass,19,1.0264098939165547,0.09520675929434069
validation,MultiClass,20,1.0243984174822165,0.09631863094512186
validation,MultiClass,21,1.0142014552351468,0.09776999040322139
validation,MultiClass,22,1.0055912155378732,0.09715206404874349
validation,MultiClass,23,0.9998917351625658,0.09993470959429301
validation,MultiClass,24,0.9976805800801894,0.10089065791138975
validation,MultiClass,25,0.99165118527594,0.10244391077165026
validation,MultiClass,26,0.9880050130799017,0.10067872970073805
validation,MultiClass,27,0.9792167228889789,0.10437908744518928
validation,MultiClass,28,0.9771582030029377,0.10577940249425187
validation,MultiClass,29,0.9725269744749572,0.11177817014168531
validation,MultiClass,30,0.9673441801738683,0.10847532923499796
validation,MultiClass,31,0.9644437564871128,0.1117590005017107
validation,MultiClass,32,0.9614387572872986,0.11234957610094716
validation,MultiClass,33,0.9611144021034682,0.11449445105152102
validation,MultiClass,34,0.9570788352392711,0.11472899614249871
validation,MultiClass,35,0.9585077564071536,0.11598334193370068
validation,MultiClass,36,0.958630194105271,0.11576500962888314
validation,MultiClass,37,0.9559000962201196,0.11448230083613141
validation,MultiClass,38,0.9555117477309243,0.11335939558719339
validation,MultiClass,39,0.9547436628715863,0.11469575606593402
validation,MultiClass,40,0.9509794524716211,0.11737321274682624
validation,MultiClass,41,0.9517526832729166,0.11708164570163325
validation,MultiClass,42,0.9478979940518097,0.11601667197479414
validation,MultiClass,43,0.9447309249773651,0.11300571802450046
validation,MultiClass,44,0.9417919309681089,0.1126523407538177
validation,MultiClass,45,0.9421930180935041,0.11471022165561817
validation,MultiClass,46,0.9401149061152974,0.11515725709298386
validation,MultiClass,47,0.9405978786233113,0.11936668772795381
validation,MultiClass,48,0.9404569024836571,0.12174611557083734
validation,MultiClass,49,0.9384394163147898,0.1264425884887111
validation,MultiClass,50,0.9395237912301349,0.12627512154677606
validation,MultiClass,51,0.9358016415586456,0.12816149749847036
validation,MultiClass,52,0.9329657244853462,0.12751156340924638
validation,MultiClass,53,0.9320185365372351,0.1292189878354003
validation,MultiClass,54,0.9323483339324576,0.1302341139884081
validation,MultiClass,55,0.9295321562784294,0.1337281272264113
validation,MultiClass,56,0.9282878061252731,0.13105055677427865
validation,MultiClass,57,0.9284689565026232,0.1335966824278944
validation,MultiClass,58,0.9250150461595401,0.13309191478224347
validation,MultiClass,59,0.9224211834971838,0.13561732348365788
validation,MultiClass,60,0.9214462918035382,0.13602236129508463
validation,MultiClass,61,0.920914932762128,0.13452001971148028
validation,MultiClass,62,0.9211116412452213,0.13439210140442073
validation,MultiClass,63,0.9189830940657594,0.13333366981558767
validation,MultiClass,64,0.9198668908629113,0.13523532319569653
validation,MultiClass,65,0.9180164968954445,0.1371851717057105
validation,MultiClass,66,0.9158227201785263,0.13885980462965752
validation,MultiClass,67,0.916729111314152,0.14228676353402409
validation,MultiClass,68,0.9172785784742014,0.1431118023090466
validation,MultiClass,69,0.9149539750440497,0.1428668342769869
validation,MultiClass,70,0.9131703636476489,0.14276037877266776
validation,MultiClass,71,0.9109146221501618,0.14348567089824837
validation,MultiClass,72,0.9097864111220275,0.1443029144182283
validation,MultiClass,73,0.9090792138439057,0.14459789330430214
validation,MultiClass,74,0.908908767190231,0.14604764037309723
validation,MultiClass,75,0.9075118277676701,0.14806300725080676
validation,MultiClass,76,0.9054341720172115,0.14831056880543483
validation,MultiClass,77,0.9049823107746031,0.14965301216726032
validation,MultiClass,78,0.9042180129603983,0.15025858954818655
validation,MultiClass,79,0.9032300863562521,0.14995558559813782
validation,MultiClass,80,0.9021288187975198,0.14858862321421068
validation,MultiClass,81,0.9011835793352604,0.14800496078088163
validation,MultiClass,82,0.8992260350307493,0.14849841522009055
validation,MultiClass,83,0.8994895633219446,0.15213379628829432
validation,MultiClass,84,0.8991134784598267,0.15191113194875325
validation,MultiClass,85,0.8985303749202331,0.15173395450226151
validation,MultiClass,86,0.896864409251437,0.1513283577631433
validation,MultiClass,87,0.8944809712332382,0.15200397454128575
validation,MultiClass,88,0.8938889931970504,0.15305789164909517
validation,MultiClass,89,0.8919288198562715,0.15359823237186748
validation,MultiClass,90,0.893080433510913,0.15448930528650887
validation,MultiClass,91,0.8934588437596267,0.1591143868331145
validation,MultiClass,92,0.8909372845590967,0.16117686123688887
validation,MultiClass,93,0.8921391125085077,0.16490307557134892
validation,MultiClass,94,0.8901221336053927,0.1649595810025031
validation,MultiClass,95,0.8893337219796766,0.16761970703912993
validation,MultiClass,96,0.8880375999130228,0.16659899232107964
validation,MultiClass,97,0.887583263449371,0.166119954956084
validation,MultiClass,98,0.886863089604373,0.16651156010950308
validation,MultiClass,99,0.8866723238986862,0.16786856884551457
validation,MultiClass,100,0.8850507275846564,0.1665514310599204
validation,MultiClass,101,0.883829454699163,0.1646036406197862
validation,MultiClass,102,0.8826953495953287,0.16261316785834226
validation,MultiClass,103,0.8819208558770967,0.16294851967362983
validation,MultiClass,104,0.8814164136547874,0.16698682992891004
validation,MultiClass,105,0.878695772805871,0.16629227032541938
validation,MultiClass,106,0.8768166433542336,0.1651370122749939
validation,MultiClass,107,0.8765505252225363,0.16755737701392423
validation,MultiClass,108,0.8755082643763036,0.16646428992963874
validation,MultiClass,109,0.873348212107119,0.16690213383925923
validation,MultiClass,110,0.8720359559944821,0.16646584454070928
validation,MultiClass,111,0.8707233893517722,0.1679495935902255
validation,MultiClass,112,0.8718362807355446,0.1710871861897232
validation,MultiClass,113,0.8684713643723396,0.1714817369663627
validation,MultiClass,114,0.86705185763527,0.1714087317211792
validation,MultiClass,115,0.8649663097693221,0.1708216711101419
validation,MultiClass,116,0.8622491298801034,0.17133407187940453
validation,MultiClass,117,0.8620566887210757,0.17531221033570987
validation,MultiClass,118,0.8618161590581053,0.17580727435903573
validation,MultiClass,119,0.8619359250917383,0.17950786425282977
validation,MultiClass,120,0.8616094070576774,0.18036255884732486
validation,MultiClass,121,0.860133876282857,0.18144505439942551
validation,MultiClass,122,0.8580809431822416,0.1818017125560256
validation,MultiClass,123,0.8574424263777192,0.18219014335600894
validation,MultiClass,124,0.8579579459175488,0.1846551852504028
validation,MultiClass,125,0.8563772582116856,0.18458293841676887
validation,MultiClass,126,0.8543192434242085,0.1847723103896054
validation,MultiClass,127,0.8537641974946274,0.18618271965896968
validation,MultiClass,128,0.8525828075538278,0.18594152518615573
validation,MultiClass,129,0.8533336632927759,0.18594993954218225
validation,MultiClass,130,0.8523203528898997,0.1884190352700499
validation,MultiClass,131,0.8512135205545127,0.18835969636955097
validation,MultiClass,132,0.849694780431294,0.18769516180880808
validation,MultiClass,133,0.8501051557409279,0.18745811203415896
validation,MultiClass,134,0.8504131522106801,0.18934741659205684
validation,MultiClass,135,0.8505457381585159,0.18958056437535123
validation,MultiClass,136,0.8498805155924298,0.1895588664442217
validation,MultiClass,137,0.8507013446073235,0.1926437716632121
validation,MultiClass,138,0.8492352654212603,0.19352526315333649
validation,MultiClass,139,0.8475385256256076,0.19351788618448768
validation,MultiClass,140,0.8470579167143385,0.19421391826210196
validation,MultiClass,141,0.8469314959470539,0.19485576300311944
validation,MultiClass,142,0.8471059831453772,0.1977343620067997
validation,MultiClass,143,0.846468366018131,0.1968186762202699
validation,MultiClass,144,0.8454224821633726,0.1965607651857672
validation,MultiClass,145,0.8446793482434309,0.19721617739520794
validation,MultiClass,146,0.8441829901983474,0.19724279503037448
validation,MultiClass,147,0.8440480898485174,0.19822438621312827
validation,MultiClass,148,0.8434832849155405,0.19802741674802823
validation,MultiClass,149,0.8427335693338903,0.1985983813328089
validation,MultiClass,150,0.8417460069964622,0.19859948294004795
validation,MultiClass,151,0.840798813113385,0.19792956852078575
validation,MultiClass,152,0.840496666310781,0.19911369126232578
validation,MultiClass,153,0.8396173913033055,0.1985342631490042
validation,MultiClass,154,0.8388019296862237,0.19765707325577891
validation,MultiClass,155,0.8372939100776856,0.19741161689510942
validation,MultiClass,156,0.8371668493797457,0.1969990156399865
validation,MultiClass,157,0.837105736117671,0.19855038025248836
validation,MultiClass,158,0.8370639723540012,0.1982650022284027
validation,MultiClass,159,0.837111581146588,0.200625867352906
validation,MultiClass,160,0.8367606416381098,0.1998161934122965
validation,MultiClass,161,0.8549995058895875,0.24016446531793878
validation,MultiClass,162,0.8540546069129223,0.23945237725335322
validation,MultiClass,163,0.85449024201173,0.24012561104958408
validation,MultiClass,164,0.8537084554469928,0.23986812488219644
validation,MultiClass,165,0.8531042951243982,0.23962826581732488
validation,MultiClass,166,0.8536350629653819,0.2409355764400218
validation,MultiClass,167,0.8530714967699747,0.24160528322358069
validation,MultiClass,168,0.8521281028310557,0.24224533072370166
validation,MultiClass,169,0.8513009096315031,0.24276471444517828
validation,MultiClass,170,0.8513507364933232,0.24388163873193242
validation,MultiClass,171,0.8512090347401946,0.24425313632252277
validation,MultiClass,172,0.8507561909176579,0.2441329913268257
validation,MultiClass,173,0.8502914144186716,0.24431387640226762
validation,MultiClass,174,0.8495445453336049,0.2441448522008036
validation,MultiClass,175,0.850889485169834,0.24813051667606853
validation,MultiClass,176,0.8512191131334176,0.24881824594253288
validation,MultiClass,177,0.8511916465952211,0.24880459543603078
validation,MultiClass,178,0.8512641848886219,0.24957926537866537
validation,MultiClass,179,0.8508352882317229,0.2500380452083661
validation,MultiClass,180,0.8508478954464214,0.2506587027526142
validation,MultiClass,181,0.9191055281504203,0.311325532173034
validation,MultiClass,182,0.917912790290283,0.3101241131173827
validation,MultiClass,183,0.9168892374129525,0.3090482126430876
validation,MultiClass,184,0.916835674558485,0.30942074084583937
validation,MultiClass,185,0.9162939518249628,0.3109235224182584
validation,MultiClass,186,0.916887717780292,0.31162981426152897
validation,MultiClass,187,0.9149762697822783,0.3108904771174311
validation,MultiClass,188,0.9152100858290346,0.31223127529948724
validation,MultiClass,189,0.9152382486048198,0.3132987858952666
validation,MultiClass,190,0.9153265641515678,0.31404154047398997
validation,MultiClass,191,0.9186172787396413,0.3181926613132913
validation,MultiClass,192,0.9180512366735665,0.3179467235098511
validation,MultiClass,193,0.9187003781649075,0.3195836176794007
validation,MultiClass,194,0.9191576445015688,0.3207874769150823
validation,MultiClass,195,0.9192140045946486,0.32229486652809003
validation,MultiClass,196,0.9186350185570865,0.3237317921855142
validation,MultiClass,197,0.917499396517278,0.32344271371495076
validation,MultiClass,198,0.9172210921505696,0.32308086750385495
validation,MultiClass,199,0.9158379300345494,0.3230381234505084
validation,MultiClass,200,0.9147856327600655,0.32368995227633285
validation,MultiClass,201,0.914178245497467,0.32222180522075855
validation,MultiClass,202,0.9146013233298378,0.3217969480174524
validation,MultiClass,203,0.9155955846214945,0.3232478394526907
validation,MultiClass,204,0.9170808087653559,0.3254121995503916
validation,MultiClass,205,0.9197813382904343,0.33016188849974276
validation,MultiClass,206,0.9219752182058869,0.3342075860460965
validation,MultiClass,207,0.9217349638160326,0.33409800669986883
validation,MultiClass,208,0.9218844728291227,0.3356842390084318
validation,MultiClass,209,0.9225832388532896,0.336677498239333
validation,MultiClass,210,0.923276649126187,0.3384953680596788
validation,MultiClass,211,0.9232413146093864,0.3385877154017338
validation,MultiClass,212,0.9229672583768272,0.3390008406354188
validation,MultiClass,213,0.9229725930523035,0.3389888039784884
validation,MultiClass,214,0.9227462892184202,0.3384113973536785
validation,MultiClass,215,0.9254431440721749,0.34235994614260656
validation,MultiClass,216,0.9251752216940751,0.3436480957953893
validation,MultiClass,217,0.9240217713284274,0.3429008186002422
validation,MultiClass,218,0.9246202106496771,0.3429040967036333
validation,MultiClass,219,0.9240659042449377,0.34213343880444963
validation,MultiClass,220,0.9233811091197889,0.34310243228423615
validation,MultiClass,221,0.9238570834703872,0.3445278256624857
validation,MultiClass,222,0.9239374631535353,0.34441484854876214
validation,MultiClass,223,0.923718362382316,0.34472534352914813
validation,MultiClass,224,0.9223503344784578,0.34436104037169823
validation,MultiClass,225,0.9222750769772554,0.344465625687329
validation,MultiClass,226,0.9225399647575653,0.34483315776564877
validation,MultiClass,227,0.9234488301487394,0.3461121183430385
validation,MultiClass,228,0.9234587179249187,0.34611077285777764
validation,MultiClass,229,0.9234594011198926,0.3461086107255357
validation,MultiClass,230,0.9240781322988229,0.3469703714351469
validation,MultiClass,231,0.9257138110949623,0.3493050952354659
validation,MultiClass,232,0.678696209255577,
validation,MultiClass,233,0.678583884345439,
validation,MultiClass,234,0.6783611008920031,
validation,MultiClass,235,0.6783588523428743,
validation,MultiClass,236,0.6781099486806664,
validation,MultiClass,237,0.6780551891993968,
validation,MultiClass,238,0.6779536490768368,
validation,MultiClass,239,0.6772931263473604,
validation,MultiClass,240,0.6772526258969614,
validation,MultiClass,241,0.6772375512701586,
validation,MultiClass,242,0.6772384813034128,
validation,MultiClass,243,0.6772456419110144,
validation,MultiClass,244,0.6773098519071317,
validation,MultiClass,245,0.677144699546767,
validation,MultiClass,246,0.6779368118803761,
validation,MultiClass,247,0.677848503325547,
validation,MultiClass,248,0.6778193430506874,
validation,MultiClass,249,0.6779076603812519,
validation,MultiClass,250,0.678123068436557,
validation,MultiClass,251,0.6783855741380843,
validation,MultiClass,252,0.6780723898366682,
validation,MultiClass,253,0.6780729262354367,
validation,MultiClass,254,0.6774491349199505,
validation,MultiClass,255,0.6772867639413443,
validation,MultiClass,256,0.6767744162243243,
validation,MultiClass,257,0.6758226067003511,
validation,MultiClass,258,0.6758322188835664,
validation,MultiClass,259,0.6771775690941941,
validation,MultiClass,260,0.6771634398847779,
validation,MultiClass,261,0.6771649073013566,
validation,MultiClass,262,0.6771521083901376,
validation,MultiClass,263,0.6768012856871248,
validation,MultiClass,264,0.6768037015313411,
validation,MultiClass,265,0.6768049502956287,
validation,MultiClass,266,0.6770046335343572,
validation,MultiClass,267,0.6766744268533749,
validation,MultiClass,268,0.6766880714243136,
validation,MultiClass,269,0.6766748997153593,
validation,MultiClass,270,0.6768259284007475,
validation,MultiClass,271,0.6768200165210668,
validation,MultiClass,272,0.6762641798766007,
validation,MultiClass,273,0.6759991631587208,
validation,MultiClass,274,0.6760068099022766,
validation,MultiClass,275,0.6765400436181378,
validation,MultiClass,276,0.6765449806729777,
validation,MultiClass,277,0.6764979824847576,
validation,MultiClass,278,0.6764987290225658,
validation,MultiClass,279,0.6765066794091986,
validation,MultiClass,280,0.6764970721895678,
validation,MultiClass,281,0.6763625471861106,
validation,MultiClass,282,0.6755846872232745,
validation,MultiClass,283,0.6756642538321417,
validation,MultiClass,284,0.6755848021987255,
validation,MultiClass,285,0.6749616957763043,
validation,MultiClass,286,0.6748773929371978,
validation,MultiClass,287,0.6740756122004575,
validation,MultiClass,288,0.6741249582278268,
validation,MultiClass,289,0.6737677281616399,
validation,MultiClass,290,0.6734172600793982,
validation,MultiClass,291,0.674021151713518,
validation,MultiClass,292,0.6736471037500428,
validation,MultiClass,293,0.6734501732294346,
validation,MultiClass,294,0.6732547475447408,
validation,MultiClass,295,0.6735219412139527,
validation,MultiClass,296,0.6736912003129747,
validation,MultiClass,297,0.6744641022421982,
validation,MultiClass,298,0.6743999545088336,
validation,MultiClass,299,0.6735892874401054,
validation,MultiClass,300,0.6729757532968982,
validation,MultiClass,301,0.6720501462092645,
validation,MultiClass,302,0.6715855569034168,
validation,MultiClass,303,0.6715871960604268,
validation,MultiClass,304,0.6711829384050553,
validation,MultiClass,305,0.6705508963090819,
validation,MultiClass,306,0.6699088962570587,
validation,MultiClass,307,0.6699242665090588,
validation,MultiClass,308,0.6698660102485413,
validation,MultiClass,309,0.6700905512166282,
validation,MultiClass,310,0.6697605017979636,
validation,MultiClass,311,0.6696676388034217,
validation,MultiClass,312,0.6695312638095813,
validation,MultiClass,313,0.6690038991569406,
validation,MultiClass,314,0.668101094005127,
validation,MultiClass,315,0.6677597766845734,
validation,MultiClass,316,0.6676818099397147,
validation,MultiClass,317,0.6680010945216043,
validation,MultiClass,318,0.6679829097096301,
validation,MultiClass,319,0.6679823132812711,
validation,MultiClass,320,0.6681093899989962,
validation,MultiClass,321,0.6673735220005185,
validation,MultiClass,322,0.667379379315331,
validation,MultiClass,323,0.6671712085202527,
validation,MultiClass,324,0.667174796630203,
validation,MultiClass,325,0.6672356761654985,
validation,MultiClass,326,0.6672394725251855,
validation,MultiClass,327,0.6671787631260481,
validation,MultiClass,328,0.6671822675728557,
validation,MultiClass,329,0.6675073865105532,
validation,MultiClass,330,0.667315944209213,
validation,MultiClass,331,0.6675236641898088,
validation,MultiClass,332,0.6675245669534337,
validation,MultiClass,333,0.6669445892791428,
validation,MultiClass,334,0.6669476981137088,
validation,TotalF1:average=Macro,1,0.32571049366937355,0.11657938689930138
validation,TotalF1:average=Macro,2,0.3135001834599173,0.09241437874621192
validation,TotalF1:average=Macro,3,0.31756571887656565,0.04855779700140826
validation,TotalF1:average=Macro,4,0.32287245120804153,0.0671027538397671
validation,TotalF1:average=Macro,5,0.31532965317232375,0.06780948264266075
validation,TotalF1:average=Macro,6,0.31566491118219075,0.06180506544439295
validation,TotalF1:average=Macro,7,0.32679570999286905,0.058203474260408804
validation,TotalF1:average=Macro,8,0.33151968087765593,0.05724918864516409
validation,TotalF1:average=Macro,9,0.33647286266328136,0.06727949504611244
validation,TotalF1:average=Macro,10,0.3425214989131582,0.05468643437537893
validation,TotalF1:average=Macro,11,0.345970767161566,0.04707246067032091
validation,TotalF1:average=Macro,12,0.35241403776321834,0.0448297721124073
validation,TotalF1:average=Macro,13,0.35903090729852005,0.05354884600348573
validation,TotalF1:average=Macro,14,0.36182385344852674,0.04787957542940379
validation,TotalF1:average=Macro,15,0.3629169478465883,0.04332662374827229
validation,TotalF1:average=Macro,16,0.36022637219536285,0.040278341148348135
validation,TotalF1:average=Macro,17,0.3629255634800045,0.045737897906011314
validation,TotalF1:average=Macro,18,0.3623001292326348,0.046042887999239134
validation,TotalF1:average=Macro,19,0.3677389497295756,0.0436344184744715
validation,TotalF1:average=Macro,20,0.3631371136149594,0.03920604972987576
validation,TotalF1:average=Macro,21,0.3619695812288706,0.03876133771420282
validation,TotalF1:average=Macro,22,0.36236722782990566,0.037056931604489744
validation,TotalF1:average=Macro,23,0.36261180220903755,0.03818710642796084
validation,TotalF1:average=Macro,24,0.3604195623182489,0.03575986043306333
validation,TotalF1:average=Macro,25,0.3624054647566535,0.035621448796779184
validation,TotalF1:average=Macro,26,0.3629147409967464,0.03715693422073146
validation,TotalF1:average=Macro,27,0.3657534194645818,0.03473892081118338
validation,TotalF1:average=Macro,28,0.36431040141183646,0.03547815993971576
validation,TotalF1:average=Macro,29,0.36596358512152577,0.039239008449144644
validation,TotalF1:average=Macro,30,0.3679202135497136,0.039764545371482066
validation,TotalF1:average=Macro,31,0.36674229799989955,0.04099916207791732
validation,TotalF1:average=Macro,32,0.3703723088457835,0.036155023704147034
validation,TotalF1:average=Macro,33,0.3717379628055312,0.03447655992184584
validation,TotalF1:average=Macro,34,0.3722171978327343,0.033725319221437
validation,TotalF1:average=Macro,35,0.37128193863732056,0.035258880258148974
validation,TotalF1:average=Macro,36,0.3699700447730085,0.03607414997026501
validation,TotalF1:average=Macro,37,0.37239542339701565,0.03820875447465539
validation,TotalF1:average=Macro,38,0.3714701064081316,0.03586122144086905
validation,TotalF1:average=Macro,39,0.37254299187567397,0.03494583378787064
validation,TotalF1:average=Macro,40,0.37217015815239013,0.03364809053854754
validation,TotalF1:average=Macro,41,0.3708568829022662,0.03386122626519666
validation,TotalF1:average=Macro,42,0.3707790822980859,0.0321075570441622
validation,TotalF1:average=Macro,43,0.3702720959869153,0.03071108708783782
validation,TotalF1:average=Macro,44,0.3710786907028606,0.030170679098579456
validation,TotalF1:average=Macro,45,0.37160417701247883,0.031202464613133172
validation,TotalF1:average=Macro,46,0.37089797493158005,0.0309179357108684
validation,TotalF1:average=Macro,47,0.37065856994159296,0.028843225864582548
validation,TotalF1:average=Macro,48,0.371455095789203,0.029170915146070633
validation,TotalF1:average=Macro,49,0.37237188068379673,0.027036853581244177
validation,TotalF1:average=Macro,50,0.3720096742127914,0.029065172256267046
validation,TotalF1:average=Macro,51,0.372611814072914,0.030474414827379233
validation,TotalF1:average=Macro,52,0.3706827673772728,0.028189546637107335
validation,TotalF1:average=Macro,53,0.370415493806126,0.028330582824360344
validation,TotalF1:average=Macro,54,0.3692935322435831,0.028570967056057005
validation,TotalF1:average=Macro,55,0.37100985236714823,0.028189394314131897
validation,TotalF1:average=Macro,56,0.3704046145706277,0.028774280466969854
validation,TotalF1:average=Macro,57,0.37040659844451773,0.029663890394793908
validation,TotalF1:average=Macro,58,0.37154546502780916,0.030298030457759265
validation,TotalF1:average=Macro,59,0.37253267078809993,0.0302350553193296
validation,TotalF1:average=Macro,60,0.37252930079275415,0.0306649576029327
validation,TotalF1:average=Macro,61,0.37132163850176825,0.028695799125344205
validation,TotalF1:average=Macro,62,0.3737252043748541,0.0301745318059487
validation,TotalF1:average=Macro,63,0.373217130462217,0.03098497940064054
validation,TotalF1:average=Macro,64,0.3715626320209171,0.030598034544688055
validation,TotalF1:average=Macro,65,0.3724679007265449,0.029118083568658738
validation,TotalF1:average=Macro,66,0.37181576710756226,0.031221138174629286
validation,TotalF1:average=Macro,67,0.37331107583197715,0.02922438932795777
validation,TotalF1:average=Macro,68,0.37377593955063715,0.026836880989797182
validation,TotalF1:average=Macro,69,0.3756871116212732,0.028264494150771063
validation,TotalF1:average=Macro,70,0.37543473370363556,0.02761104675279637
validation,TotalF1:average=Macro,71,0.37507373627729984,0.027701757419377963
validation,TotalF1:average=Macro,72,0.37548986196505557,0.027872340698770575
validation,TotalF1:average=Macro,73,0.3760154657664232,0.026846433936145223
validation,TotalF1:average=Macro,74,0.37773573281273903,0.027380732774009226
validation,TotalF1:average=Macro,75,0.37676878014099263,0.028518410589869893
validation,TotalF1:average=Macro,76,0.3762334499050713,0.027538510044905404
validation,TotalF1:average=Macro,77,0.3763789610790582,0.028199729410886488
validation,TotalF1:average=Macro,78,0.37504236931079715,0.026806247776630845
validation,TotalF1:average=Macro,79,0.3741875826793319,0.026786741747333337
validation,TotalF1:average=Macro,80,0.3758264452336245,0.026344870863100948
validation,TotalF1:average=Macro,81,0.37598355168303016,0.026209376906572657
validation,TotalF1:average=Macro,82,0.37740772558461055,0.0270823326892672
validation,TotalF1:average=Macro,83,0.3758640668263356,0.027451176778544015
validation,TotalF1:average=Macro,84,0.37575975814117557,0.02743390808898279
validation,TotalF1:average=Macro,85,0.375360986454689,0.02842362557219084
validation,TotalF1:average=Macro,86,0.37448137737468606,0.026908474210604653
validation,TotalF1:average=Macro,87,0.37407041751312675,0.027105473477716892
validation,TotalF1:average=Macro,88,0.37470799275192435,0.027445996062755888
validation,TotalF1:average=Macro,89,0.3748376011112112,0.029293147636434383
validation,TotalF1:average=Macro,90,0.3758027780766846,0.028787068042982904
validation,TotalF1:average=Macro,91,0.375574997011316,0.02891322070594918
validation,TotalF1:average=Macro,92,0.37663940586841166,0.030339330108364114
validation,TotalF1:average=Macro,93,0.3765801615563914,0.030084441291599325
validation,TotalF1:average=Macro,94,0.3790668204243914,0.02747672415226329
validation,TotalF1:average=Macro,95,0.37951213192492567,0.0280310747274638
validation,TotalF1:average=Macro,96,0.3783335060764222,0.028249377636523642
validation,TotalF1:average=Macro,97,0.37724555073687294,0.027307876206390556
validation,TotalF1:average=Macro,98,0.37913365343672084,0.02849295604338926
validation,TotalF1:average=Macro,99,0.3782565393592201,0.02700373625422945
validation,TotalF1:average=Macro,100,0.3776743114683363,0.027944156277001364
validation,TotalF1:average=Macro,101,0.3760609362638168,0.030060842444751993
validation,TotalF1:average=Macro,102,0.374837784156025,0.0285726312759433
validation,TotalF1:average=Macro,103,0.3763327278785858,0.029118038711505624
validation,TotalF1:average=Macro,104,0.3767788135436526,0.029345523212378453
validation,TotalF1:average=Macro,105,0.37789860959414145,0.029324688111874674
validation,TotalF1:average=Macro,106,0.3775844206397164,0.029643274066936804
validation,TotalF1:average=Macro,107,0.3779099094072978,0.030868157828650176
validation,TotalF1:average=Macro,108,0.3787692978292012,0.029986236882407973
validation,TotalF1:average=Macro,109,0.3793690697141035,0.030181648648480268
validation,TotalF1:average=Macro,110,0.37859666200557834,0.03158614630386329
validation,TotalF1:average=Macro,111,0.37846326663803875,0.031116615176858157
validation,TotalF1:average=Macro,112,0.3799257266560138,0.032094126043997646
validation,TotalF1:average=Macro,113,0.3808527788573959,0.03407250731609714
validation,TotalF1:average=Macro,114,0.37915214832907185,0.03677940160742161
validation,TotalF1:average=Macro,115,0.37868317310753047,0.037059432357278745
validation,TotalF1:average=Macro,116,0.37846739610387814,0.03418002690563032
validation,TotalF1:average=Macro,117,0.3777341400742697,0.03488338332527181
validation,TotalF1:average=Macro,118,0.37742532353074887,0.03461658234653778
validation,TotalF1:average=Macro,119,0.3778289003744151,0.03650171479322572
validation,TotalF1:average=Macro,120,0.3777559209875835,0.037020216537408106
validation,TotalF1:average=Macro,121,0.37760893011658486,0.03624068036292173
validation,TotalF1:average=Macro,122,0.3769390244371009,0.03497608625696575
validation,TotalF1:average=Macro,123,0.3771932799098048,0.034160035929534864
validation,TotalF1:average=Macro,124,0.377598280513347,0.03271778774207016
validation,TotalF1:average=Macro,125,0.3779668416305383,0.033092437675224455
validation,TotalF1:average=Macro,126,0.37851079078411753,0.03441574736445737
validation,TotalF1:average=Macro,127,0.378593949539825,0.03237289758842103
validation,TotalF1:average=Macro,128,0.3788201081584549,0.03364919317605358
validation,TotalF1:average=Macro,129,0.3767177055108523,0.033636677001282256
validation,TotalF1:average=Macro,130,0.3769497805165091,0.03385800979399041
validation,TotalF1:average=Macro,131,0.375729762276827,0.03740954932475402
validation,TotalF1:average=Macro,132,0.3760214007328149,0.03846545775155106
validation,TotalF1:average=Macro,133,0.37648434676216647,0.03580808854440895
validation,TotalF1:average=Macro,134,0.37384733268010845,0.03802152531905105
validation,TotalF1:average=Macro,135,0.37391360565293225,0.03850602929200287
validation,TotalF1:average=Macro,136,0.37602363692133106,0.03969737509403022
validation,TotalF1:average=Macro,137,0.375950330805834,0.038982112968927556
validation,TotalF1:average=Macro,138,0.37458029528416975,0.03876865989028652
validation,TotalF1:average=Macro,139,0.3753335009469505,0.035617224975255414
validation,TotalF1:average=Macro,140,0.3756115635797596,0.03581681361167364
validation,TotalF1:average=Macro,141,0.3764375196163645,0.03676199581266034
validation,TotalF1:average=Macro,142,0.37643110299245874,0.03622917270346193
validation,TotalF1:average=Macro,143,0.374840933690913,0.0352347524724956
validation,TotalF1:average=Macro,144,0.37600083892906555,0.03426173247646737
validation,TotalF1:average=Macro,145,0.37268816939075583,0.038274060902929764
validation,TotalF1:average=Macro,146,0.37440031510130756,0.03744479743529797
validation,TotalF1:average=Macro,147,0.37591907194596014,0.038892971778852724
validation,TotalF1:average=Macro,148,0.37443424706560197,0.037972979706103596
validation,TotalF1:average=Macro,149,0.3746862830074873,0.03740079678693732
validation,TotalF1:average=Macro,150,0.37309147574040863,0.03851871190410921
validation,TotalF1:average=Macro,151,0.37388386113593786,0.038878853807980555
validation,TotalF1:average=Macro,152,0.3742149369925639,0.03887273218503469
validation,TotalF1:average=Macro,153,0.37405407605825264,0.038826552344594166
validation,TotalF1:average=Macro,154,0.3731761455831175,0.04069678300288336
validation,TotalF1:average=Macro,155,0.3737463295212429,0.04141315531230218
validation,TotalF1:average=Macro,156,0.3726737741565455,0.04193436884163436
validation,TotalF1:average=Macro,157,0.3714772264621435,0.04064797265272111
validation,TotalF1:average=Macro,158,0.37128666200415406,0.04189646571715537
validation,TotalF1:average=Macro,159,0.373429468997939,0.043965452103443825
validation,TotalF1:average=Macro,160,0.3734516501529845,0.043329221958835006
validation,TotalF1:average=Macro,161,0.37604638803179685,0.0529868728565049
validation,TotalF1:average=Macro,162,0.37596470849436336,0.05403001877654904
validation,TotalF1:average=Macro,163,0.3761860155263313,0.05376660400866031
validation,TotalF1:average=Macro,164,0.37655401674751227,0.054221141719906524
validation,TotalF1:average=Macro,165,0.37610366857345606,0.05408090089755551
validation,TotalF1:average=Macro,166,0.37636993878055175,0.0539711412799424
validation,TotalF1:average=Macro,167,0.3760495924894262,0.05467276442020412
validation,TotalF1:average=Macro,168,0.3759455055154019,0.05495408322794718
validation,TotalF1:average=Macro,169,0.37666090469042884,0.055021979826298736
validation,TotalF1:average=Macro,170,0.3768635912374667,0.053711327967927956
validation,TotalF1:average=Macro,171,0.3766575550250781,0.0549129891469153
validation,TotalF1:average=Macro,172,0.37733598897630943,0.05355378470613775
validation,TotalF1:average=Macro,173,0.3771784175242794,0.05411787944594037
validation,TotalF1:average=Macro,174,0.3783429196429731,0.05424272485476075
validation,TotalF1:average=Macro,175,0.37833614154038403,0.05461131698047064
validation,TotalF1:average=Macro,176,0.37867628151687366,0.05473661479036881
validation,TotalF1:average=Macro,177,0.3795082651932848,0.05413701743649454
validation,TotalF1:average=Macro,178,0.3794457981963359,0.054707500608875054
validation,TotalF1:average=Macro,179,0.37965874885428114,0.05587871568668598
validation,TotalF1:average=Macro,180,0.3788094230894645,0.053822981463887004
validation,TotalF1:average=Macro,181,0.36104290018470997,0.06382127124344479
validation,TotalF1:average=Macro,182,0.36177954447005833,0.06418852026743792
validation,TotalF1:average=Macro,183,0.362533786974534,0.06321412695587625
validation,TotalF1:average=Macro,184,0.3654310627087865,0.06751341343002396
validation,TotalF1:average=Macro,185,0.36110152349496083,0.06361307661636946
validation,TotalF1:average=Macro,186,0.36005325562066376,0.06226922354900861
validation,TotalF1:average=Macro,187,0.36009606392966087,0.061043611467722414
validation,TotalF1:average=Macro,188,0.35987008607703014,0.06212343049771676
validation,TotalF1:average=Macro,189,0.361043681511604,0.06278084820201
validation,TotalF1:average=Macro,190,0.3617902027210258,0.0631610238943372
validation,TotalF1:average=Macro,191,0.36191836552672463,0.06334227347234823
validation,TotalF1:average=Macro,192,0.36369658041696185,0.06527633608582677
validation,TotalF1:average=Macro,193,0.36115337927170327,0.06295304707244405
validation,TotalF1:average=Macro,194,0.358134050019298,0.0580044370070499
validation,TotalF1:average=Macro,195,0.36145327247539316,0.06279719927972834
validation,TotalF1:average=Macro,196,0.3620944789443597,0.06415509576550057
validation,TotalF1:average=Macro,197,0.35931290088056533,0.05999599243793241
validation,TotalF1:average=Macro,198,0.3620867108159827,0.0647449228204028
validation,TotalF1:average=Macro,199,0.3620338416364939,0.06328367113555033
validation,TotalF1:average=Macro,200,0.36154311059227584,0.061204860363120915
validation,TotalF1:average=Macro,201,0.35882916854993935,0.05733114525481846
validation,TotalF1:average=Macro,202,0.36102880120297975,0.060673455524672563
validation,TotalF1:average=Macro,203,0.36045078936787367,0.06054823854098962
validation,TotalF1:average=Macro,204,0.36040721159506217,0.060609866818317655
validation,TotalF1:average=Macro,205,0.360803352875705,0.06058465167333114
validation,TotalF1:average=Macro,206,0.35961371932792463,0.05885922159056497
validation,TotalF1:average=Macro,207,0.3597084604459069,0.058993205764529884
validation,TotalF1:average=Macro,208,0.35977784643943855,0.0597962750850701
validation,TotalF1:average=Macro,209,0.36008453922718864,0.059362545985151796
validation,TotalF1:average=Macro,210,0.36134484250805887,0.06102504576919188
validation,TotalF1:average=Macro,211,0.3608872385885839,0.060729879122842965
validation,TotalF1:average=Macro,212,0.3610648985823085,0.06074898348116161
validation,TotalF1:average=Macro,213,0.3610648985823085,0.06074898348116161
validation,TotalF1:average=Macro,214,0.3603689488473525,0.059412870977065976
validation,TotalF1:average=Macro,215,0.36098722211130696,0.059588530593125105
validation,TotalF1:average=Macro,216,0.3610103961926887,0.059149394662417004
validation,TotalF1:average=Macro,217,0.3612156447915681,0.06145632050165615
validation,TotalF1:average=Macro,218,0.36193987676235423,0.06265550101962919
validation,TotalF1:average=Macro,219,0.36204549687453924,0.06303283405823842
validation,TotalF1:average=Macro,220,0.3618042694966839,0.06269168702885967
validation,TotalF1:average=Macro,221,0.3614672092490564,0.062215011855328066
validation,TotalF1:average=Macro,222,0.3614672092490564,0.062215011855328066
validation,TotalF1:average=Macro,223,0.3580478082783485,0.0573792486273612
validation,TotalF1:average=Macro,224,0.35888582799992413,0.056194109771572784
validation,TotalF1:average=Macro,225,0.3587911914472123,0.05606027347523142
validation,TotalF1:average=Macro,226,0.3588513747265736,0.05597516146533046
validation,TotalF1:average=Macro,227,0.3588513747265736,0.05597516146533046
validation,TotalF1:average=Macro,228,0.3588513747265736,0.05597516146533046
validation,TotalF1:average=Macro,229,0.3588086245502675,0.05603561934445645
validation,TotalF1:average=Macro,230,0.3588086245502675,0.05603561934445645
validation,TotalF1:average=Macro,231,0.35893170048719314,0.05586156368525434
validation,TotalF1:average=Macro,232,0.3984317909767207,
validation,TotalF1:average=Macro,233,0.4048232187619786,
validation,TotalF1:average=Macro,234,0.40384206466001005,
validation,TotalF1:average=Macro,235,0.40384206466001005,
validation,TotalF1:average=Macro,236,0.39593415810018096,
validation,TotalF1:average=Macro,237,0.39644797011335065,
validation,TotalF1:average=Macro,238,0.3951299682605426,
validation,TotalF1:average=Macro,239,0.3960150659680168,
validation,TotalF1:average=Macro,240,0.39620436616990046,
validation,TotalF1:average=Macro,241,0.39639397435779744,
validation,TotalF1:average=Macro,242,0.39639397435779744,
validation,TotalF1:average=Macro,243,0.39639397435779744,
validation,TotalF1:average=Macro,244,0.3967073514439243,
validation,TotalF1:average=Macro,245,0.3965175669919292,
validation,TotalF1:average=Macro,246,0.3960397756048152,
validation,TotalF1:average=Macro,247,0.3954743533415409,
validation,TotalF1:average=Macro,248,0.3954743533415409,
validation,TotalF1:average=Macro,249,0.4022275339085726,
validation,TotalF1:average=Macro,250,0.4029174941566811,
validation,TotalF1:average=Macro,251,0.40132984865442967,
validation,TotalF1:average=Macro,252,0.3997606907973425,
validation,TotalF1:average=Macro,253,0.3997606907973425,
validation,TotalF1:average=Macro,254,0.4015251431787006,
validation,TotalF1:average=Macro,255,0.40290773005685454,
validation,TotalF1:average=Macro,256,0.4038657259741597,
validation,TotalF1:average=Macro,257,0.4019650511902938,
validation,TotalF1:average=Macro,258,0.4019650511902938,
validation,TotalF1:average=Macro,259,0.39200140647619097,
validation,TotalF1:average=Macro,260,0.39200140647619097,
validation,TotalF1:average=Macro,261,0.39200140647619097,
validation,TotalF1:average=Macro,262,0.39200140647619097,
validation,TotalF1:average=Macro,263,0.3932401964241512,
validation,TotalF1:average=Macro,264,0.3936001426466286,
validation,TotalF1:average=Macro,265,0.3936001426466286,
validation,TotalF1:average=Macro,266,0.39448698417462835,
validation,TotalF1:average=Macro,267,0.39424016171096654,
validation,TotalF1:average=Macro,268,0.39424016171096654,
validation,TotalF1:average=Macro,269,0.39424016171096654,
validation,TotalF1:average=Macro,270,0.3943693606773748,
validation,TotalF1:average=Macro,271,0.3943693606773748,
validation,TotalF1:average=Macro,272,0.39479952608146873,
validation,TotalF1:average=Macro,273,0.39321658570418827,
validation,TotalF1:average=Macro,274,0.39321658570418827,
validation,TotalF1:average=Macro,275,0.39650981793136564,
validation,TotalF1:average=Macro,276,0.39650981793136564,
validation,TotalF1:average=Macro,277,0.39675579953981155,
validation,TotalF1:average=Macro,278,0.39675579953981155,
validation,TotalF1:average=Macro,279,0.39675579953981155,
validation,TotalF1:average=Macro,280,0.39675579953981155,
validation,TotalF1:average=Macro,281,0.39680749668191095,
validation,TotalF1:average=Macro,282,0.39607751889631404,
validation,TotalF1:average=Macro,283,0.397325213640918,
validation,TotalF1:average=Macro,284,0.39626670313916534,
validation,TotalF1:average=Macro,285,0.3880897705576517,
validation,TotalF1:average=Macro,286,0.3955010063550918,
validation,TotalF1:average=Macro,287,0.38924471000313116,
validation,TotalF1:average=Macro,288,0.38924471000313116,
validation,TotalF1:average=Macro,289,0.3899647879002718,
validation,TotalF1:average=Macro,290,0.3868283531897969,
validation,TotalF1:average=Macro,291,0.3891307296033385,
validation,TotalF1:average=Macro,292,0.3901542026944167,
validation,TotalF1:average=Macro,293,0.39034303668019904,
validation,TotalF1:average=Macro,294,0.39034303668019904,
validation,TotalF1:average=Macro,295,0.3901542026944167,
validation,TotalF1:average=Macro,296,0.3894488263229249,
validation,TotalF1:average=Macro,297,0.3894488263229249,
validation,TotalF1:average=Macro,298,0.3901680123289446,
validation,TotalF1:average=Macro,299,0.38181446411892644,
validation,TotalF1:average=Macro,300,0.3820028395170125,
validation,TotalF1:average=Macro,301,0.389071329956049,
validation,TotalF1:average=Macro,302,0.389071329956049,
validation,TotalF1:average=Macro,303,0.389071329956049,
validation,TotalF1:average=Macro,304,0.389071329956049,
validation,TotalF1:average=Macro,305,0.3895084890662644,
validation,TotalF1:average=Macro,306,0.38956936757126676,
validation,TotalF1:average=Macro,307,0.38956936757126676,
validation,TotalF1:average=Macro,308,0.3895084890662644,
validation,TotalF1:average=Macro,309,0.3895084890662644,
validation,TotalF1:average=Macro,310,0.38810248358553695,
validation,TotalF1:average=Macro,311,0.3893196332753945,
validation,TotalF1:average=Macro,312,0.3886486707208715,
validation,TotalF1:average=Macro,313,0.39036176059820815,
validation,TotalF1:average=Macro,314,0.38839775042917446,
validation,TotalF1:average=Macro,315,0.38760978398201207,
validation,TotalF1:average=Macro,316,0.38573118558577035,
validation,TotalF1:average=Macro,317,0.38756538036356303,
validation,TotalF1:average=Macro,318,0.38756538036356303,
validation,TotalF1:average=Macro,319,0.38756538036356303,
validation,TotalF1:average=Macro,320,0.38839635511951065,
validation,TotalF1:average=Macro,321,0.3876578861525338,
validation,TotalF1:average=Macro,322,0.3876578861525338,
validation,TotalF1:average=Macro,323,0.3853500466059064,
validation,TotalF1:average=Macro,324,0.3853500466059064,
validation,TotalF1:average=Macro,325,0.3876578861525338,
validation,TotalF1:average=Macro,326,0.3876578861525338,
validation,TotalF1:average=Macro,327,0.3876578861525338,
validation,TotalF1:average=Macro,328,0.3876578861525338,
validation,TotalF1:average=Macro,329,0.38802380961613114,
validation,TotalF1:average=Macro,330,0.3866395783462302,
validation,TotalF1:average=Macro,331,0.3873789404285052,
validation,TotalF1:average=Macro,332,0.3873789404285052,
validation,TotalF1:average=Macro,333,0.3875676193193416,
validation,TotalF1:average=Macro,334,0.3875676193193416,
